rank_date,snapshot_time,rank_position,bvid,aid,title,author,category,main_category,tid,duration,view_count,danmaku_count,reply_count,like_count,coin_count,favorite_count,share_count,pubdate,video_url,cover_url,anomaly_flag,engage_rate,hardcore_index,discussion_heat,snapshot_seq,delta_views,delta_likes,delta_coins,peak_velocity,engagement_decay,duration_bucket,peak_velocity_time
2026-06-08,2026-06-08 16:22:17,60,BV13HEw6rEhc,116691140873202,接龙游戏开发，但都绷住了,M木糖M,单机游戏,游戏,17,933,1866228,1663,1145,89268,12938,16708,1551,1780630200,https://www.bilibili.com/video/BV13HEw6rEhc,http://i2.hdslb.com/bfs/archive/1083ae38f0917802668505e94ed2fe06226cc58b.jpg,normal,0.06371890251351925,0.14493435497602725,0.001504639304522277,1,0,0,0,0,0.0,10分钟以上,2026-06-08 16:22:17
2026-06-08,2026-06-08 16:22:17,98,BV13PEx63EJ3,116706575912358,这样的幸运，你想拥有吗！？🥳 #挑战# #野兽先生# #MrBeast# #vlog# #整活#,MrBeast官方账号,日常,生活,21,36,2472495,355,1958,157948,4110,8020,555,1780801241,https://www.bilibili.com/video/BV13PEx63EJ3,http://i1.hdslb.com/bfs/archive/060ed908afe9f422de1f1a505ade5b1e4ca3d8ae.jpg,normal,0.0687880056380296,0.026021222174386505,0.0009354922861320245,1,0,0,0,0,0.0,0-3分钟,2026-06-08 16:22:17
2026-06-08,2026-06-08 16:22:17,77,BV13c7S6qE5a,116701324648092,大哥豪刷10个爱神之箭！头开8个苹果全程揪心，接连翻车差点心态崩盘！,语格yoga,舞蹈综合,舞蹈综合,154,271,1521906,2050,3467,84826,9742,6149,2613,1780721492,https://www.bilibili.com/video/BV13c7S6qE5a,http://i1.hdslb.com/bfs/archive/e2af963c319aa3c1083f65f39306936b272010b5.jpg,normal,0.06617820023050044,0.11484686299012095,0.0036250596291755206,1,0,0,0,0,0.0,3-10分钟,2026-06-08 16:22:17
2026-06-08,2026-06-08 16:22:17,84,BV13s7z63EjV,116695016477738,《绝区零》3.0新地块实机演示,绝区零,手机游戏,游戏,172,599,1461365,9438,13668,126278,58898,22513,25060,1780624803,https://www.bilibili.com/video/BV13s7z63EjV,http://i0.hdslb.com/bfs/archive/ac132a13aed30f0b83ff50dfb56d83e2e518206a.jpg,normal,0.1421198673842606,0.46641536926463834,0.015811244966178882,1,0,0,0,0,0.0,3-10分钟,2026-06-08 16:22:17
2026-06-08,2026-06-08 16:22:17,1,BV15C7k6REKC,116697197451293,公测定档7月 | 《遗忘之海》船员集结摇滚MV「燥」,遗忘之海,GMV,GMV,121,205,7462924,1506,2668,132823,86325,84542,4934,1780711200,https://www.bilibili.com/video/BV15C7k6REKC,http://i0.hdslb.com/bfs/archive/bef8db958217ad42ed011f4bf5d5d6c1cf3a4bad.jpg,normal,0.04069316530625262,0.649925088275374,0.000559298205368298,1,0,0,0,0,0.0,3-10分钟,2026-06-08 16:22:17
2026-06-08,2026-06-08 16:22:17,61,BV15W7C6tEyc,116696425766532,送你一片夕阳！,困雀雀,仿妆cos,时尚,252,36,594386,154,2372,172835,9340,31467,2741,1780646468,https://www.bilibili.com/video/BV15W7C6tEyc,http://i2.hdslb.com/bfs/archive/86973af2078693bfe5fc81d4dae783648e7fb904.jpg,normal,0.3594330956651065,0.054039980328058554,0.0042497636216196205,1,0,0,0,0,0.0,0-3分钟,2026-06-08 16:22:17
2026-06-08,2026-06-08 16:22:17,66,BV15d7D6UE4i,116702549379788,世界杯期间不抓移民？那这世界杯不是白办了吗,麻薯波比呀,社科·法律·心理,知识,124,995,1732111,7228,3511,92407,13416,10424,2392,1780740025,https://www.bilibili.com/video/BV15d7D6UE4i,http://i2.hdslb.com/bfs/archive/91940674117acf43b95f7a6e2e7ab686470cc3ea.jpg,normal,0.06711290442702575,0.14518380642159143,0.006199949079475854,1,0,0,0,0,0.0,10分钟以上,2026-06-08 16:22:17
2026-06-08,2026-06-08 16:22:17,24,BV15iEc6VEfH,116691577216788,路边一块，也能变废为宝，雕刻出大家想要的题材我不知道什么时候天才会亮，但我知道，跑着跑着，天就亮了。,小梨家的和田玉,手工,生活,161,220,6312423,4148,12383,240610,8537,23155,3961,1780572193,https://www.bilibili.com/video/BV15iEc6VEfH,http://i2.hdslb.com/bfs/archive/c1597efe82d66a7f728f8bdd84505eff4b7f5ac9.jpg,normal,0.04313747668684434,0.03548065333942895,0.0026188042214534734,1,0,0,0,0,0.0,3-10分钟,2026-06-08 16:22:17
2026-06-08,2026-06-08 16:22:17,100,BV15sVz6iEKR,116679514265050,《猫和老鼠》中竟然有这么多小时候看不懂的情节？,大福咕咕,动漫杂谈,动画,253,464,1814437,1678,923,87962,13925,29701,729,1780657200,https://www.bilibili.com/video/BV15sVz6iEKR,http://i0.hdslb.com/bfs/archive/3cad871923666a856e9f4e6e0b00128225274106.jpg,normal,0.07252277152637429,0.1583069962029058,0.001433502513451831,1,0,0,0,0,0.0,3-10分钟,2026-06-08 16:22:17
2026-06-08,2026-06-08 16:22:17,7,BV15v7S65EWD,116701022717876,挑战给历史故事打tag（标签）,混饭达人,娱乐杂谈,娱乐杂谈,241,77,3336409,3176,2616,268707,6533,31707,16597,1780716510,https://www.bilibili.com/video/BV15v7S65EWD,http://i2.hdslb.com/bfs/archive/1845b193e356ee0f6b686419e20cc96fe1678367.jpg,normal,0.09199921232678608,0.024312727245661633,0.0017359981944659662,1,0,0,0,0,0.0,0-3分钟,2026-06-08 16:22:17
2026-06-08,2026-06-08 16:22:17,53,BV15z766SE1A,116696341812776,假如高考什么都可以带,小安苒AIGC,校园学习,知识,208,177,2411509,2970,2786,102523,2414,8080,1947,1780646400,https://www.bilibili.com/video/BV15z766SE1A,http://i2.hdslb.com/bfs/archive/ed743a6a86446310a9957bce92faa671a082a6d8.jpg,normal,0.046865676221817955,0.02354593603386557,0.002386887214602973,1,0,0,0,0,0.0,0-3分钟,2026-06-08 16:22:17
2026-06-08,2026-06-08 16:22:17,23,BV168796PEv1,116685839403735,如此仙音唯有挠臭,lulu和露爸,喵星人,喵星人,218,26,5222326,19240,6289,652352,19453,126772,27822,1780484850,https://www.bilibili.com/video/BV168796PEv1,http://i1.hdslb.com/bfs/archive/87f3ce4876a2e50e34a2c1b24dfe10ae34700a55.jpg,normal,0.1529159612019625,0.029819790542529187,0.004888434770253715,1,0,0,0,0,0.0,0-3分钟,2026-06-08 16:22:17
2026-06-08,2026-06-08 16:22:17,9,BV16w7D6RERW,116700921988742,007看后:追逐战？,MEspace天植,绘画,绘画,162,49,2757698,278,1152,271012,26151,47010,2438,1780714922,https://www.bilibili.com/video/BV16w7D6RERW,http://i2.hdslb.com/bfs/archive/f35dab38094910739815ae6424bcceee9316f8f7.jpg,normal,0.124804456470578,0.09649388218971854,0.0005185484414899674,1,0,0,0,0,0.0,0-3分钟,2026-06-08 16:22:17
2026-06-08,2026-06-08 16:22:17,95,BV1747S6SExf,116701039495420,师傅：成功挑战人类！,猪大肠and方一蛋,喵星人,喵星人,218,44,1815514,925,2125,155311,4201,5678,3675,1780717504,https://www.bilibili.com/video/BV1747S6SExf,http://i2.hdslb.com/bfs/archive/3449f80a251dbb861606222cd047b34839e4e173.jpg,normal,0.09098800670223418,0.02704895339029431,0.0016799650126630805,1,0,0,0,0,0.0,0-3分钟,2026-06-08 16:22:17
2026-06-08,2026-06-08 16:22:17,72,BV1787S6mEV8,116701073053928,这里藏着一群“伪人”,摸鱼佬临风,鬼畜剧场,鬼畜剧场,216,354,416394,442,847,83952,5848,27280,1119,1780717427,https://www.bilibili.com/video/BV1787S6mEV8,http://i2.hdslb.com/bfs/archive/d2a4fc8b8017160bc03e17f14d6fbedd690059c1.jpg,normal,0.281176001575431,0.06965885267772061,0.0030956257775088016,1,0,0,0,0,0.0,3-10分钟,2026-06-08 16:22:17
2026-06-08,2026-06-08 16:22:17,36,BV17GEP6xEDW,116692348832614,新三国up锐评楚汉传奇01：是不是我打开的方式不太对？,吃蛋挞的折棒,影视杂谈,影视,182,1348,1636291,20539,11914,138793,132730,29010,10703,1780624800,https://www.bilibili.com/video/BV17GEP6xEDW,http://i2.hdslb.com/bfs/archive/4e5cd47c8551d2b66643e2800041b7ec2d3bf729.jpg,normal,0.18366720833885905,0.9563162407326018,0.019833269265674625,1,0,0,0,0,0.0,10分钟以上,2026-06-08 16:22:17
2026-06-08,2026-06-08 16:22:17,41,BV17q7y6qEeG,116697767874225,当代牢大学生论文现状belike：,黑曼波语录,鬼畜调教,鬼畜,22,78,1718568,261,2047,131625,4780,89906,10601,1780716900,https://www.bilibili.com/video/BV17q7y6qEeG,http://i2.hdslb.com/bfs/archive/a42866374c2dd87fd5093121386c1dd1372e10a6.jpg,normal,0.13168579887441173,0.03631528964862298,0.0013429785728583331,1,0,0,0,0,0.0,0-3分钟,2026-06-08 16:22:17
2026-06-08,2026-06-08 16:22:17,51,BV17z7y6KEVT,116697751096214,可爱的安魂曲~,徐大花xudahua,手工,生活,161,158,1644675,407,1489,110699,7329,16083,2638,1780718400,https://www.bilibili.com/video/BV17z7y6KEVT,http://i2.hdslb.com/bfs/archive/2fbc38542399965a708c159f85533b4f5065fe8c.jpg,normal,0.0815425540000304,0.06620656013152784,0.0011528113457065987,1,0,0,0,0,0.0,0-3分钟,2026-06-08 16:22:17
2026-06-08,2026-06-08 16:22:17,79,BV19J7r6HESb,116695704274527,【抱佛脚】高考语文！选择题？最后一课！,学过石油的语文老师,校园学习,知识,208,1200,885155,37040,11379,42019,17119,20310,4088,1780660800,https://www.bilibili.com/video/BV19J7r6HESb,http://i0.hdslb.com/bfs/archive/f8d05a7621ff85694f1ddb7ac6c3c775b0e01965.jpg,normal,0.08975603142952364,0.4074109331492896,0.05470115403516898,1,0,0,0,0,0.0,10分钟以上,2026-06-08 16:22:17
2026-06-08,2026-06-08 16:22:17,38,BV19N7y6bE1e,116698455803490,全体起立鼓掌！人类发现了治癌症的新药！🤯,蜗牛的科技笔记,软件应用,软件应用,230,115,1566398,1340,7116,144242,6033,24164,10185,1780677279,https://www.bilibili.com/video/BV19N7y6bE1e,http://i2.hdslb.com/bfs/archive/3b5f57bbd2f68b33097261f34d0cbb700b9439ce.jpg,normal,0.11136314014701244,0.04182554318437071,0.005398372571977237,1,0,0,0,0,0.0,0-3分钟,2026-06-08 16:22:17
2026-06-08,2026-06-08 16:22:17,19,BV19ZEF6MEBV,116690117464228,人在干坏事的时候是不怕苦不怕累的,我是易拉爆,日常,生活,21,309,2196306,1505,4194,209533,16071,31686,15917,1780550100,https://www.bilibili.com/video/BV19ZEF6MEBV,http://i2.hdslb.com/bfs/archive/5a3e59dd5183e87d69b1ad3224466b821bf05e23.jpg,normal,0.11714669995893104,0.07669913569700239,0.0025948114698042986,1,0,0,0,0,0.0,3-10分钟,2026-06-08 16:22:17
2026-06-08,2026-06-08 16:22:17,99,BV19v7S65ESU,116701022849204,我给爱车打造了一套废土战甲,手工耿,手工,生活,161,829,1321433,7115,1978,69370,16518,6270,3749,1780799533,https://www.bilibili.com/video/BV19v7S65ESU,http://i2.hdslb.com/bfs/archive/b1cf38027520b335d07b96dd1246fcde8d20a730.jpg,normal,0.06974095546274385,0.2381144586997261,0.006881166127983787,1,0,0,0,0,0.0,10分钟以上,2026-06-08 16:22:17
2026-06-08,2026-06-08 16:22:17,89,BV1BQ7r68Ejy,116695553280188,高考加油！！！,青柳尊哉,日常,生活,21,25,431934,5487,2810,166277,12859,12304,3539,1780650000,https://www.bilibili.com/video/BV1BQ7r68Ejy,http://i1.hdslb.com/bfs/archive/d2a9b7766bc4f672f01dd4b2805739df436bfc4b.jpg,normal,0.4432158616825719,0.0773348087829345,0.019208953219704863,1,0,0,0,0,0.0,0-3分钟,2026-06-08 16:22:17
2026-06-08,2026-06-08 16:22:17,71,BV1Bm7U6jEDZ,116701542815709,《爱，你》,是许木木啊,日常,生活,21,1043,931459,5498,4316,95807,12107,23355,1665,1780738200,https://www.bilibili.com/video/BV1Bm7U6jEDZ,http://i0.hdslb.com/bfs/archive/fd7de4f643c70f1117b5d4f7ef9d1878ffc094bd.jpg,normal,0.14092837151178958,0.1263686369471959,0.010536158864748743,1,0,0,0,0,0.0,10分钟以上,2026-06-08 16:22:17
2026-06-08,2026-06-08 16:22:17,27,BV1CQ7o61ERo,116689798764442,人，握爪后就不要放开咯！——《伊莫》握爪测试招募开启,伊莫,手机游戏,游戏,172,119,4452155,760,4048,88606,41630,87214,64355,1780797600,https://www.bilibili.com/video/BV1CQ7o61ERo,http://i0.hdslb.com/bfs/archive/06bcb84e42974283a3ade3bf6fbee2302b4b4d96.jpg,normal,0.04884151607479973,0.4698327427036544,0.0010799264625782345,1,0,0,0,0,0.0,0-3分钟,2026-06-08 16:22:17
2026-06-08,2026-06-08 16:22:17,93,BV1D97y6dERH,116697919004560,拿人罐罐，替人消灾,布丁仔和泡芙妹的一天,喵星人,喵星人,218,23,2612226,494,2957,145840,468,5903,793,1780669119,https://www.bilibili.com/video/BV1D97y6dERH,http://i2.hdslb.com/bfs/archive/fc9d115669e9ba8a3d141ba74d6e7da1e5f327c9.jpg,normal,0.05826869497509021,0.0032089961601755347,0.00132109549480022,1,0,0,0,0,0.0,0-3分钟,2026-06-08 16:22:17
2026-06-08,2026-06-08 16:22:17,64,BV1EwEF62EhA,116690721443492,当校长挑选教室地板时,Cheems电玩屋,日常,生活,21,18,5289224,860,5213,213838,1294,8072,541,1780559484,https://www.bilibili.com/video/BV1EwEF62EhA,http://i0.hdslb.com/bfs/archive/8916553504d48aec3ba5ad2bdfeec5fcf7eefc1c.jpg,normal,0.04219976314105812,0.006051309870088572,0.0011481835520673733,1,0,0,0,0,0.0,0-3分钟,2026-06-08 16:22:17
2026-06-08,2026-06-08 16:22:17,97,BV1FV7C6KESW,116696811773804,好惨一国家，盛产倒霉总统【东非02丨马拉维】,小王Albert,人文历史,知识,228,1494,1102237,2426,1181,62603,11372,8869,587,1780707600,https://www.bilibili.com/video/BV1FV7C6KESW,http://i2.hdslb.com/bfs/archive/2e15f92493ab2c9e39e067e70d1399dcd094f406.jpg,normal,0.07515987940887486,0.18165263645512195,0.0032724359643162043,1,0,0,0,0,0.0,10分钟以上,2026-06-08 16:22:17
2026-06-08,2026-06-08 16:22:17,54,BV1FV7C6NECz,116696811574425,《鸣潮》×《赛博朋克：边缘行者》特别对谈,鸣潮,搞笑,娱乐,138,1763,705835,10154,12205,62960,33923,12072,14030,1780653600,https://www.bilibili.com/video/BV1FV7C6NECz,http://i0.hdslb.com/bfs/archive/27fb7525094384a11b11552c91c8525f59087c80.jpg,normal,0.15436327186948792,0.538802414231258,0.031677375023907856,1,0,0,0,0,0.0,10分钟以上,2026-06-08 16:22:17
2026-06-08,2026-06-08 16:22:17,57,BV1GHEw6rEo4,116691140875979,无能的杰哥,神威-狗剩,影视剪辑,影视,183,154,2844124,1926,3907,139637,8580,25915,28275,1780565876,https://www.bilibili.com/video/BV1GHEw6rEo4,http://i2.hdslb.com/bfs/archive/0814d03bdf68a6a83cba4b8ba18fa6d58d6de912.jpg,normal,0.06122517864903218,0.061445032477065537,0.002050895108652084,1,0,0,0,0,0.0,0-3分钟,2026-06-08 16:22:17
2026-06-08,2026-06-08 16:22:17,90,BV1HL7m6JECt,116700670395936,霸总腌入味，王鹤棣太让人笑幻了……【不舒服学】逐帧分析,一只吐槽圆,娱乐杂谈,娱乐杂谈,241,1774,1449128,20357,4493,65290,25564,11497,12523,1780711190,https://www.bilibili.com/video/BV1HL7m6JECt,http://i0.hdslb.com/bfs/archive/cfe030cb9db76b0cad1dc763db5d7299bfd51ab9.jpg,normal,0.07062937159450373,0.3915454127737785,0.017148243633412646,1,0,0,0,0,0.0,10分钟以上,2026-06-08 16:22:17
2026-06-08,2026-06-08 16:22:17,75,BV1JAEw69EUS,116691342200777,生完宝宝之后我再也不敢得罪我老公了，因为……,笑哥走丢了a,亲子,生活,254,89,2490321,951,7734,188507,3701,9754,2185,1780568869,https://www.bilibili.com/video/BV1JAEw69EUS,http://i2.hdslb.com/bfs/archive/2496ecbfca22198efdffe5b1855ea840b90edb2a.jpg,normal,0.08109878204456374,0.019633223169431373,0.003487502213570058,1,0,0,0,0,0.0,0-3分钟,2026-06-08 16:22:17
2026-06-08,2026-06-08 16:22:17,40,BV1JJ7m62ELC,116700620065327,最直接的伤害往往只需采用最简单的普通攻击 #超能力 #万万没想到 #反转 #劲大,刘不凡本凡,短片,动画,256,364,2552082,3009,6860,140100,2168,16000,961,1780719600,https://www.bilibili.com/video/BV1JJ7m62ELC,http://i1.hdslb.com/bfs/archive/1b35b982075822d704a03ec34c21632ebcfa9044.jpg,normal,0.06201524872633403,0.015474660956459671,0.0038670387550243292,1,0,0,0,0,0.0,3-10分钟,2026-06-08 16:22:17
2026-06-08,2026-06-08 16:22:17,28,BV1Ja7k6AE1b,116697063235411,我又给花朵加了个开关！,是玉木呀,设计·创意,设计·创意,229,104,1089351,577,914,175679,20534,35747,3629,1780656042,https://www.bilibili.com/video/BV1Ja7k6AE1b,http://i0.hdslb.com/bfs/archive/c05470a618fc67ee60cb9df153eb5ad6d3c8ce08.jpg,normal,0.21293412316140528,0.11688363435584219,0.0013687048527058771,1,0,0,0,0,0.0,0-3分钟,2026-06-08 16:22:17
2026-06-08,2026-06-08 16:22:17,46,BV1Jj7C6AEPq,116696845193451,是我还不够好,怎么转身又是,MMD·3D,动画,25,67,1966914,5063,7497,192455,10582,47812,30425,1780652794,https://www.bilibili.com/video/BV1Jj7C6AEPq,http://i0.hdslb.com/bfs/archive/c261bcb22b8b34b31c0d9cb2e04b0a49a318b123.jpg,normal,0.1275342999236367,0.054984282039957394,0.006385637602864182,1,0,0,0,0,0.0,0-3分钟,2026-06-08 16:22:17
2026-06-08,2026-06-08 16:22:17,80,BV1KG7S6FECF,116701274313735,小孩只是请男人吃了一块羊肉，男人转手就掏出一个900克的大金轮,懂一点人情世故,影视剪辑,影视,183,425,1573387,978,1009,82810,1056,8664,374,1780720244,https://www.bilibili.com/video/BV1KG7S6FECF,http://i2.hdslb.com/bfs/archive/7635c90a615f292f19e67c7de1d91e5c8a697033.jpg,normal,0.058809434678181526,0.012752083081753412,0.0012628806517404809,1,0,0,0,0,0.0,3-10分钟,2026-06-08 16:22:17
2026-06-08,2026-06-08 16:22:17,39,BV1LR7D6JEV7,116702566156828,Re：佩恩从零开始的异世界生活！！！【水门篇】,-夏秋冬-,综合,综合,27,416,1200753,1596,3878,80371,28998,23608,4928,1780740005,https://www.bilibili.com/video/BV1LR7D6JEV7,http://i0.hdslb.com/bfs/archive/bb4c488614d181445341190010ddfd29eae8cfb7.jpg,normal,0.11074467438349103,0.36080178173719374,0.0045588060158916945,1,0,0,0,0,0.0,3-10分钟,2026-06-08 16:22:17
2026-06-08,2026-06-08 16:22:17,96,BV1MtEF6fEga,116690436233152,全国男生统一迷惑行为,王小洋-已黑化,日常,生活,21,446,1178784,3518,2482,95237,2284,17920,2681,1780567200,https://www.bilibili.com/video/BV1MtEF6fEga,http://i1.hdslb.com/bfs/archive/696e0beeae3b0520b2aeae3a4aa24c0eeb689fcd.jpg,normal,0.09793227597252763,0.023982275796171657,0.005089991041615767,1,0,0,0,0,0.0,3-10分钟,2026-06-08 16:22:17
2026-06-08,2026-06-08 16:22:17,13,BV1PP7C63E2J,116696710912022,《师》我回母校当老师,阿廖沙别害怕_,搞笑,娱乐,138,296,2048101,543,1162,187066,5199,14742,659,1780650587,https://www.bilibili.com/video/BV1PP7C63E2J,http://i0.hdslb.com/bfs/archive/b04455fde128b88ff0a92e264778512242510bc9.jpg,normal,0.10107265217877438,0.027792329979793227,0.0008324784764032633,1,0,0,0,0,0.0,3-10分钟,2026-06-08 16:22:17
2026-06-08,2026-06-08 16:22:17,55,BV1Qi7f6eE59,116690805395451,致敬每一个心中有花，努力奔跑的人,爱画画的子衿,亲子,生活,254,313,1779700,3527,3730,242568,122646,16318,3927,1780561800,https://www.bilibili.com/video/BV1Qi7f6eE59,http://i1.hdslb.com/bfs/archive/2c9cc3dd70d264a8473e46b8bebaad7db4d6ef2c.jpg,normal,0.21437995167724896,0.5056149203522311,0.004077653537112997,1,0,0,0,0,0.0,3-10分钟,2026-06-08 16:22:17
2026-06-08,2026-06-08 16:22:17,69,BV1Qt7X61Enn,116686241993999,百万英镑，但素质过低,青时晚,影视剪辑,影视,183,174,2652779,2166,2820,153607,13008,39603,15792,1780490956,https://www.bilibili.com/video/BV1Qt7X61Enn,http://i0.hdslb.com/bfs/archive/1573985b4950f4d1001b3a21a50adab722b0a0f1.jpg,normal,0.07773659245643907,0.08468364071949847,0.0018795384010503703,1,0,0,0,0,0.0,0-3分钟,2026-06-08 16:22:17
2026-06-08,2026-06-08 16:22:17,83,BV1R7Ew65ERR,116691124229360,当爸爸找亲戚买手机,刘鸿哥哥,小剧场,娱乐,85,119,2521293,1030,3226,171336,1580,9213,1864,1780565630,https://www.bilibili.com/video/BV1R7Ew65ERR,http://i0.hdslb.com/bfs/archive/5e4feb10a7cf9e178bf7e9a619d62843bc5ae8b2.jpg,normal,0.07223634857194304,0.009221646355698745,0.0016880227724425524,1,0,0,0,0,0.0,0-3分钟,2026-06-08 16:22:17
2026-06-08,2026-06-08 16:22:17,5,BV1T9Vm6UE2N,116684681647760,《古剑》3分钟战斗实机 | 线下试玩招募开启,古剑,单机游戏,游戏,17,168,5485233,3638,10529,103993,63962,46150,23811,1780698215,https://www.bilibili.com/video/BV1T9Vm6UE2N,http://i0.hdslb.com/bfs/archive/d18a0e2a80905c1a2bfe0d000c3ca47aa1548899.jpg,normal,0.039032981825931554,0.6150606290808035,0.0025827526378551283,1,0,0,0,0,0.0,0-3分钟,2026-06-08 16:22:17
2026-06-08,2026-06-08 16:22:17,67,BV1TK7S6PESt,116701341420908,日菲台岛东部“划界”，我们和两国防长现场对线！,玉渊谭天,科学科普,知识,201,466,754864,5432,4603,83065,26829,9299,2156,1780729200,https://www.bilibili.com/video/BV1TK7S6PESt,http://i0.hdslb.com/bfs/archive/4f11eda2d2c34ea69bc20938c15ebcc0e4b3affc.jpg,normal,0.15789996608660634,0.3229880214290014,0.013293785370609806,1,0,0,0,0,0.0,3-10分钟,2026-06-08 16:22:17
2026-06-08,2026-06-08 16:22:17,16,BV1TR766zEvE,116695972714489,在沙漠里种了1800万棵树，然后呢？,影视飓风,娱乐粉丝创作,娱乐,242,756,3195633,10803,3030,161324,60690,27343,2877,1780650000,https://www.bilibili.com/video/BV1TR766zEvE,http://i1.hdslb.com/bfs/archive/af434541e40c0402ac850fc6783faa3ed5bfdda9.jpg,normal,0.07803054981595196,0.37619944955493295,0.0043287198498701196,1,0,0,0,0,0.0,10分钟以上,2026-06-08 16:22:17
2026-06-08,2026-06-08 16:22:17,29,BV1UV7k6LEUG,116697264627213,航天会刷典狱长？！【三角洲动画】,手折余弦丶,电子竞技,游戏,171,300,1352442,1477,1845,112771,13145,29281,3526,1780659017,https://www.bilibili.com/video/BV1UV7k6LEUG,http://i0.hdslb.com/bfs/archive/eb575db6391346950b2623259e6c0c6469239e03.jpg,normal,0.11475316501557922,0.11656365554974239,0.00245629757135611,1,0,0,0,0,0.0,3-10分钟,2026-06-08 16:22:17
2026-06-08,2026-06-08 16:22:17,2,BV1Uj7k6VEPU,116697432395968,信 |《归唐》19分钟完整实机演示,归唐,单机游戏,游戏,17,1167,8331801,22283,31835,138200,43735,27695,57443,1780791300,https://www.bilibili.com/video/BV1Uj7k6VEPU,http://i1.hdslb.com/bfs/archive/73972f02b3d2a52c97a1ec81e53403fef6160006.jpg,normal,0.025160226462441915,0.3164616497829233,0.006495354365760776,1,0,0,0,0,0.0,10分钟以上,2026-06-08 16:22:17
2026-06-08,2026-06-08 16:22:17,45,BV1VD726iE1t,116698791282580,《猴王出事》,伤心欲茄222,搞笑,娱乐,138,103,2508367,1240,3845,173803,6948,9080,6344,1780718400,https://www.bilibili.com/video/BV1VD726iE1t,http://i1.hdslb.com/bfs/archive/2fa41f4d1af95817e553d8fd8c6eeb7fc16a9d82.jpg,normal,0.07567911713078668,0.03997629500066167,0.0020272153157811436,1,0,0,0,0,0.0,0-3分钟,2026-06-08 16:22:17
2026-06-08,2026-06-08 16:22:17,82,BV1Vq7m6NEN8,116700368408896,【时代少年团】系列纪录片《光辉岁月》——“回南天”,时代少年团,明星综合,明星综合,137,13990,1337250,31074,3515,45615,13141,15806,1886,1780718400,https://www.bilibili.com/video/BV1Vq7m6NEN8,http://i2.hdslb.com/bfs/archive/bc281db3fee5c37911a273d2435afe8e9047405f.jpg,normal,0.05575771172181716,0.2880850597391209,0.025865769302673397,1,0,0,0,0,0.0,10分钟以上,2026-06-08 16:22:17
2026-06-08,2026-06-08 16:22:17,76,BV1Vz766DE6S,116696342006745,“从来就没有什么意外 ”,DKM莫天行,GMV,GMV,121,142,1013012,240,1738,112329,18683,38229,1031,1780653600,https://www.bilibili.com/video/BV1Vz766DE6S,http://i1.hdslb.com/bfs/archive/ebae2236febce20da402b0789a87254a40b4e8b8.jpg,normal,0.16706712260071943,0.1663239234747928,0.0019525928616837707,1,0,0,0,0,0.0,0-3分钟,2026-06-08 16:22:17
2026-06-08,2026-06-08 16:22:17,73,BV1W6VZ6MEbd,116674313328609,🍄欠揍气球🍄,纸片马力欧,日常,生活,21,40,4786647,7199,10605,544375,43920,288789,81965,1780309043,https://www.bilibili.com/video/BV1W6VZ6MEbd,http://i0.hdslb.com/bfs/archive/3d18bae01c4fc365d9e7e0ede5efb926e32115ad.jpg,normal,0.18323557178960553,0.0806796785304248,0.0037195138893676514,1,0,0,0,0,0.0,0-3分钟,2026-06-08 16:22:17
2026-06-08,2026-06-08 16:22:17,26,BV1WT7C6uEj8,116696878749194,猫 咪 的 花 语 是 老 吴🎵,幾加乘,同人·手书,动画,47,259,1757543,1745,3437,124570,19169,26330,11600,1780653131,https://www.bilibili.com/video/BV1WT7C6uEj8,http://i0.hdslb.com/bfs/archive/ad354ddb8c2e2bf697327dc182835b3d6014f4b1.jpg,normal,0.0967652000548493,0.15388135185036525,0.002948434263059282,1,0,0,0,0,0.0,3-10分钟,2026-06-08 16:22:17
2026-06-08,2026-06-08 16:22:17,4,BV1WY7U6dEJ5,116699814693875,【微电影】人类文明的最后一届高考,最后讲述者,鬼畜剧场,鬼畜剧场,216,263,2228719,3034,6332,179780,22008,41755,10068,1780709400,https://www.bilibili.com/video/BV1WY7U6dEJ5,http://i2.hdslb.com/bfs/archive/40a717d48c3dbeb9559b00a07a88af6cfd5181fb.jpg,normal,0.10927487942625337,0.12241628657247747,0.004202414032455415,1,0,0,0,0,0.0,3-10分钟,2026-06-08 16:22:17
2026-06-08,2026-06-08 16:22:17,62,BV1Xa7m6qEm7,116700217347938,意识深渊：我真的存在吗？,大圆镜科普,科学科普,知识,201,484,965817,1376,2199,89312,3261,17154,1578,1780704207,https://www.bilibili.com/video/BV1Xa7m6qEm7,http://i1.hdslb.com/bfs/archive/2d760490c4cfbae1c3b9168320f075ace66ad15a.jpg,normal,0.11361054941049908,0.036512450734503765,0.003701529378753946,1,0,0,0,0,0.0,3-10分钟,2026-06-08 16:22:17
2026-06-08,2026-06-08 16:22:17,70,BV1YV7U6zEps,116699697254319,小登VS老登,灼眼的SABER哒,同人·手书,动画,47,63,1023243,476,2620,130378,11534,43927,10569,1780718400,https://www.bilibili.com/video/BV1YV7U6zEps,http://i0.hdslb.com/bfs/archive/dce2758cd8546e893008888b88f215364194d4a7.jpg,normal,0.18161766071206936,0.08846584546472565,0.0030256742533298544,1,0,0,0,0,0.0,0-3分钟,2026-06-08 16:22:17
2026-06-08,2026-06-08 16:22:17,47,BV1YVEn6fEmZ,116703304356999,那天真有其他人在场，但我没法证明。,何大爷课堂,人文历史,知识,228,123,1986297,372,2945,153532,3597,13774,1162,1780751375,https://www.bilibili.com/video/BV1YVEn6fEmZ,http://i1.hdslb.com/bfs/archive/36a36b65d7a5cdced8c027e2371074acb5dd204b.jpg,normal,0.08604100997987713,0.02342834067165151,0.0016699416049060136,1,0,0,0,0,0.0,0-3分钟,2026-06-08 16:22:17
2026-06-08,2026-06-08 16:22:17,14,BV1ZREP6dEcU,116693758117714,扫落叶全清洁100%速通39分03秒leaf it alone,闲云豹,单机游戏,游戏,17,2367,1653893,1803,2458,142448,15007,31140,6003,1780605809,https://www.bilibili.com/video/BV1ZREP6dEcU,http://i1.hdslb.com/bfs/archive/310db23466f62e9399f25f92c8d2b0af953476d6.jpg,normal,0.11403095605338436,0.1053507244748961,0.0025763456281633697,1,0,0,0,0,0.0,10分钟以上,2026-06-08 16:22:17
2026-06-08,2026-06-08 16:22:17,59,BV1Zj7C6wEJY,116696845125445,织棉为布，非遗土布。用千年蓝染，重现极致的东方浪漫,花木紫Huamuz,手工,生活,161,401,1229491,1762,2628,99761,9378,10022,753,1780652882,https://www.bilibili.com/video/BV1Zj7C6wEJY,http://i0.hdslb.com/bfs/archive/753a39454d2f1455af84effb021941e20ad4c2c7.jpg,normal,0.09691896890664511,0.09400467116408216,0.003570583273891391,1,0,0,0,0,0.0,3-10分钟,2026-06-08 16:22:17
2026-06-08,2026-06-08 16:22:17,56,BV1ZvEt6oEWR,116709209935672,锐评2026年数学高考，我雷霆大怒,聊城市茬平区第一中学,日常,生活,21,739,1783123,3112,16105,69383,10905,16590,12952,1780841328,https://www.bilibili.com/video/BV1ZvEt6oEWR,http://i0.hdslb.com/bfs/archive/6d19a0c156e6b82f71035cacec0f450bd19fb6c6.jpg,normal,0.0543305201043338,0.15717106495827507,0.010777158950896825,1,0,0,0,0,0.0,10分钟以上,2026-06-08 16:22:17
2026-06-08,2026-06-08 16:22:17,91,BV1aM7k6UELy,116697314890238,JO等了！介绍一下我的六个替身,曦曦鱼SAKANA,日常,生活,21,57,2129386,389,2178,133494,2903,11876,3847,1780660000,https://www.bilibili.com/video/BV1aM7k6UELy,http://i1.hdslb.com/bfs/archive/885aa33388ed27e0d72abdd95cd0e74a19046a67.jpg,normal,0.06963180935725134,0.021746295713665032,0.0012055118235960976,1,0,0,0,0,0.0,0-3分钟,2026-06-08 16:22:17
2026-06-08,2026-06-08 16:22:17,34,BV1bV7k6LExn,116697264560365,再见！一系列！高考必胜！,一数,校园学习,知识,208,193,949106,30141,15515,88820,34155,18240,5825,1780659292,https://www.bilibili.com/video/BV1bV7k6LExn,http://i2.hdslb.com/bfs/archive/5df66240b2b71ca2bc6ce697e929657b1b1df5a4.jpg,normal,0.14878738518142337,0.3845417698716505,0.04810421596744726,1,0,0,0,0,0.0,3-10分钟,2026-06-08 16:22:17
2026-06-08,2026-06-08 16:22:17,52,BV1bd7k62Epb,116696794863371,LV6有啥用?一个视频看懂LV6所有特权功能,威尔斯耍流氓,搞笑,娱乐,138,193,676475,10212,18214,62837,37759,8336,4221,1780652357,https://www.bilibili.com/video/BV1bd7k62Epb,http://i1.hdslb.com/bfs/archive/96eeed5029dce27d3f6ea0160d4ade58d6afb34e.jpg,normal,0.16102886285524226,0.6009039260308418,0.04202076942976459,1,0,0,0,0,0.0,3-10分钟,2026-06-08 16:22:17
2026-06-08,2026-06-08 16:22:17,3,BV1cu7r6FEPd,116696023045705,英国，沦为印度殖民地,平原公子,日常,生活,21,463,3464229,14181,9830,224011,10414,24503,22621,1780640137,https://www.bilibili.com/video/BV1cu7r6FEPd,http://i1.hdslb.com/bfs/archive/95ba7fb80bc2a46fc2c8f7ff69a08c57c40ef914.jpg,normal,0.07474332672580249,0.04648878849699345,0.006931123779634661,1,0,0,0,0,0.0,3-10分钟,2026-06-08 16:22:17
2026-06-08,2026-06-08 16:22:17,35,BV1dY7Q6pEQZ,116701878291791,千里奔赴只为弥补40年前的遗憾,赛亚人阿廖,出行,生活,250,246,1147437,2191,1776,134654,34949,14199,479,1780729530,https://www.bilibili.com/video/BV1dY7Q6pEQZ,http://i0.hdslb.com/bfs/archive/5f9f719eb1fb6326b0a2eabe298cd1484afab3e6.jpg,normal,0.16018482931960534,0.2595466900352013,0.0034572704209468582,1,0,0,0,0,0.0,3-10分钟,2026-06-08 16:22:17
2026-06-08,2026-06-08 16:22:17,11,BV1df7r6REpB,116695469463690,如何在家制造浓汤宝,嘤武罗,日常,生活,21,501,4910471,3702,3440,191785,48430,46936,2926,1780650000,https://www.bilibili.com/video/BV1df7r6REpB,http://i2.hdslb.com/bfs/archive/94c85d2ebad9002fcbad0c7ef2f3c8a3f1ec6768.jpg,normal,0.058477282525444096,0.2525223557629637,0.001454442964839829,1,0,0,0,0,0.0,3-10分钟,2026-06-08 16:22:17
2026-06-08,2026-06-08 16:22:17,92,BV1di7Q6nEu4,116701777627095,兄弟们！今天带良子水上训练，你们觉得良子能坚持多久？,健身华哥,运动综合,运动,238,217,1570022,883,9407,79709,1983,3172,3173,1780728153,https://www.bilibili.com/video/BV1di7Q6nEu4,http://i1.hdslb.com/bfs/archive/48f8a7c3b0af6baea81d423375f3ea0e18e4a44d.jpg,normal,0.05405274575770276,0.02487799370209136,0.006554048287221453,1,0,0,0,0,0.0,3-10分钟,2026-06-08 16:22:17
2026-06-08,2026-06-08 16:22:17,37,BV1dq7Q6SEbX,116701827961912,最不吃压力之熊,传奇飞行员_太日阳莽,鬼畜剧场,鬼畜剧场,216,91,2085751,731,3083,164063,3088,36563,5320,1780728644,https://www.bilibili.com/video/BV1dq7Q6SEbX,http://i2.hdslb.com/bfs/archive/cdfe2d04e5d60dbd700833f920d17d40cebc2d39.jpg,normal,0.09766937664179473,0.018822037875694093,0.0018285979486525477,1,0,0,0,0,0.0,0-3分钟,2026-06-08 16:22:17
2026-06-08,2026-06-08 16:22:17,81,BV1fV7C6PEC3,116696811571160,当我出提纳里时收到了植物学博士录取通知,乔落落啊,仿妆cos,时尚,252,27,789520,3662,2712,188534,4756,5501,587,1780652265,https://www.bilibili.com/video/BV1fV7C6PEC3,http://i1.hdslb.com/bfs/archive/a6bca5345beae937c7e2979d6d22be6cbdaa9f2e.jpg,normal,0.2517871618198399,0.025226219143496664,0.008073259702097477,1,0,0,0,0,0.0,0-3分钟,2026-06-08 16:22:17
2026-06-08,2026-06-08 16:22:17,65,BV1gWEw6gE4X,116691056987748,“这种没流量的画画最狠了”,像风如你o_O,日常,生活,21,25,2282411,688,3366,279603,7778,24026,1136,1780564358,https://www.bilibili.com/video/BV1gWEw6gE4X,http://i0.hdslb.com/bfs/archive/96621cf035234fbf3c3d6f498d6f4d5eae388c12.jpg,normal,0.13643774061726832,0.027818013397567266,0.0017761919303753793,1,0,0,0,0,0.0,0-3分钟,2026-06-08 16:22:17
2026-06-08,2026-06-08 16:22:17,25,BV1gsEw6zExs,116691040208641,你的高考/中考/期末考belike,哈基mer-猫meme,搞笑,娱乐,138,22,982461,31623,2736,316391,33288,63501,5715,1780564012,https://www.bilibili.com/video/BV1gsEw6zExs,http://i2.hdslb.com/bfs/archive/4f76f8d127f1c6d5a990c89a161f10356e783cd4.jpg,normal,0.420556134034837,0.10521158945734867,0.034972380583046046,1,0,0,0,0,0.0,0-3分钟,2026-06-08 16:22:17
2026-06-08,2026-06-08 16:22:17,30,BV1hG7y69Ej2,116698036313694,史上最骚特工(第二集),老番茄,单机游戏,游戏,17,842,2419654,3375,1795,142337,46663,39845,2430,1780716600,https://www.bilibili.com/video/BV1hG7y69Ej2,http://i2.hdslb.com/bfs/archive/c4778bfde8d395e0f91e2f746393736302e8205c.jpg,normal,0.09457757183465074,0.32783464594588896,0.0021366691270735404,1,0,0,0,0,0.0,10分钟以上,2026-06-08 16:22:17
2026-06-08,2026-06-08 16:22:17,48,BV1jz7k6tEkL,116696979347018,教程来啦兄弟们 拍起来,是柳宗元,电子竞技,游戏,171,46,2359666,199,946,179731,3104,27277,1458,1780654702,https://www.bilibili.com/video/BV1jz7k6tEkL,http://i0.hdslb.com/bfs/archive/becaa38ea9e7437bed18411340db6d5da7f4cd54.jpg,normal,0.08904311033849706,0.01727025387940867,0.00048523816506234355,1,0,0,0,0,0.0,0-3分钟,2026-06-08 16:22:17
2026-06-08,2026-06-08 16:22:17,43,BV1kCVU65ERM,116669112386149,初中生斗胆跳一段jam,特崮斯,篮球,运动,235,45,6825171,11203,19241,1297547,213282,137605,20504,1780229707,https://www.bilibili.com/video/BV1kCVU65ERM,http://i1.hdslb.com/bfs/archive/5871a66dc8e356ff71da4a6d99d5922b4a6a3fce.jpg,normal,0.24152273986981426,0.16437323657640146,0.004460547581884761,1,0,0,0,0,0.0,0-3分钟,2026-06-08 16:22:17
2026-06-08,2026-06-08 16:22:17,85,BV1ksEA6tEHn,116692801819881,挑战从上海走回深圳！1357公里我能成功吗?,拉宏桑,日常,生活,21,610,1233086,4388,2695,81132,8931,5264,2493,1780651200,https://www.bilibili.com/video/BV1ksEA6tEHn,http://i1.hdslb.com/bfs/archive/1a330af59312e3157e5eddc870a27205d9dfb031.jpg,normal,0.07730766548318609,0.11007986984173938,0.00574412490288593,1,0,0,0,0,0.0,10分钟以上,2026-06-08 16:22:17
2026-06-08,2026-06-08 16:22:17,68,BV1kv7262EyU,116698623578210,公司给粉丝安排了30万的水上宫殿...,飓多多StormCrew,日常,生活,21,852,1729520,3693,2503,87262,19786,17173,2018,1780714800,https://www.bilibili.com/video/BV1kv7262EyU,http://i2.hdslb.com/bfs/archive/a59944bd6ce91c0bbc28d8c8b560e8b73c31e976.jpg,normal,0.07182397428188168,0.22674245375994131,0.003582496877746427,1,0,0,0,0,0.0,10分钟以上,2026-06-08 16:22:17
2026-06-08,2026-06-08 16:22:17,78,BV1n17D6xEX2,116702331278408,这就是7JIA最强之人,杨齐家_,单机游戏,游戏,17,1221,2344947,5175,2391,110455,9703,16718,904,1780736508,https://www.bilibili.com/video/BV1n17D6xEX2,http://i1.hdslb.com/bfs/archive/63922fa2e9e8a18b95b8175a3bea61b0779794d1.jpg,normal,0.05837061562585423,0.08784572902992169,0.003226512155711835,1,0,0,0,0,0.0,10分钟以上,2026-06-08 16:22:17
2026-06-08,2026-06-08 16:22:17,42,BV1pDV86oE6S,116657217344637,热烈欢迎薛凯琪！工作之余，Fiona会带哪些让自己感到快乐的东西呢～（录完这期脑海里都是Fifi的笑声,papi酱,短片,动画,256,2017,1434830,11731,4995,141898,55656,17740,7968,1780632000,https://www.bilibili.com/video/BV1pDV86oE6S,http://i2.hdslb.com/bfs/archive/032f4048d6f94c465fc10972289999cf79f2572f.jpg,normal,0.15004843779402438,0.39222540134462786,0.011657130112975056,1,0,0,0,0,0.0,10分钟以上,2026-06-08 16:22:17
2026-06-08,2026-06-08 16:22:17,20,BV1pW7Q68Emz,116702180348281,这期谁能绷住,呱唧菌,搞笑,娱乐,138,339,1880849,2028,1576,155322,8239,33130,2110,1780741800,https://www.bilibili.com/video/BV1pW7Q68Emz,http://i2.hdslb.com/bfs/archive/5ae6e1d11721490eb4a17034e97a4c36afdca5f0.jpg,normal,0.10457564642350343,0.053044642742174325,0.0019161559487231564,1,0,0,0,0,0.0,3-10分钟,2026-06-08 16:22:17
2026-06-08,2026-06-08 16:22:17,74,BV1q1Vy64EqA,116682450274928,给朋友做的一本翻翻乐,花颜和鸣,日常,生活,21,70,742764,1090,2805,171304,14762,24752,1119,1780589700,https://www.bilibili.com/video/BV1q1Vy64EqA,http://i0.hdslb.com/bfs/archive/b6ed86d5a0591cf027f6b65a4770f1c9656617d7.jpg,normal,0.28382904933464737,0.08617428664829777,0.005243926738506444,1,0,0,0,0,0.0,0-3分钟,2026-06-08 16:22:17
2026-06-08,2026-06-08 16:22:17,6,BV1rg7C6TEUm,116696912369911,一句“一氧化二氢”能钓出多少“读稿机”？,中国食品报融媒体,科学科普,知识,201,291,4874069,6774,22529,206719,16345,25258,17121,1780653928,https://www.bilibili.com/video/BV1rg7C6TEUm,http://i1.hdslb.com/bfs/archive/1081ed32a36e81bee443915a997ed5f2bd56badd.jpg,normal,0.05094757583448244,0.07906868744527595,0.006012019936525314,1,0,0,0,0,0.0,3-10分钟,2026-06-08 16:22:17
2026-06-08,2026-06-08 16:22:17,88,BV1s47y65E4g,116698153752165,那年你写下了什么？复盘1977—2025年高考作文题【大国之治·高考作文题】,大象放映室,财经商业,知识,207,2306,1223019,2467,4764,33865,11459,26347,7349,1780801200,https://www.bilibili.com/video/BV1s47y65E4g,http://i1.hdslb.com/bfs/archive/e403ab5119fb220e6ae7654b859643b16dec3709.jpg,normal,0.05860170610595584,0.33837295142477486,0.005912418367989377,1,0,0,0,0,0.0,10分钟以上,2026-06-08 16:22:17
2026-06-08,2026-06-08 16:22:17,22,BV1s7V46XEix,116655590017716,评论区摄影大赛之火遍全网的佳作篇，本期有锐评系列也有破败与新生佳作，欢迎投稿好的作品会让更多人看到。,摄影恩哥,日常,生活,21,124,5225426,1902,10391,328558,2674,25046,1053,1780738200,https://www.bilibili.com/video/BV1s7V46XEix,http://i1.hdslb.com/bfs/archive/58aada2ca9cd83b3f4d86b331759b2c832c8bcb4.jpg,normal,0.06818161811113582,0.008138593490342648,0.0023525354679216582,1,0,0,0,0,0.0,0-3分钟,2026-06-08 16:22:17
2026-06-08,2026-06-08 16:22:17,44,BV1tV7k6LEyH,116697264556028,你或许不认识我 但我唱的歌你或许？？听过？,喵☆酱,翻唱,音乐,31,443,617742,5949,2762,124578,8463,18831,1350,1780659262,https://www.bilibili.com/video/BV1tV7k6LEyH,http://i1.hdslb.com/bfs/archive/f27fa302b117dedb6f353c75770d440ca8982c33.jpg,normal,0.2458502093106831,0.06793334296585272,0.01410135622962337,1,0,0,0,0,0.0,3-10分钟,2026-06-08 16:22:17
2026-06-08,2026-06-08 16:22:17,21,BV1uX7k6UENx,116696761239484,巨构：没有告别,巨构ai,网络游戏,游戏,65,19,3072776,6192,7818,486143,25490,164275,7578,1780651506,https://www.bilibili.com/video/BV1uX7k6UENx,http://i0.hdslb.com/bfs/archive/1422e60b2923b373953bd4ce6433b6f0e91f9501.jpg,normal,0.21996657094431876,0.05243313181512436,0.004559395152786926,1,0,0,0,0,0.0,0-3分钟,2026-06-08 16:22:17
2026-06-08,2026-06-08 16:22:17,63,BV1uX7k6UEPn,116696761239539,把硬装的喊过来！,脱缰凯Kk,小剧场,娱乐,85,219,1382187,1671,1710,100807,3459,10476,705,1780651876,https://www.bilibili.com/video/BV1uX7k6UEPn,http://i1.hdslb.com/bfs/archive/1a5306b127f7814fe75bc726966f0f675fcb7e33.jpg,normal,0.08301481637434009,0.034313093336772245,0.0024461234261355376,1,0,0,0,0,0.0,3-10分钟,2026-06-08 16:22:17
2026-06-08,2026-06-08 16:22:17,15,BV1uXEA6gEMu,116692567070822,“别着急，我来给你补充「偶！像！能！量！」”,小耗owo,手机游戏,游戏,172,80,1249557,980,2651,246126,17430,55967,11479,1780624800,https://www.bilibili.com/video/BV1uXEA6gEMu,http://i1.hdslb.com/bfs/archive/64822f49e99e9fb8b41ba5e0f9e06f48d4b76446.jpg,normal,0.25570902327784967,0.07081738621681578,0.002905829826090366,1,0,0,0,0,0.0,0-3分钟,2026-06-08 16:22:17
2026-06-08,2026-06-08 16:22:17,87,BV1um7665EHP,116696325033953,谁是猜价超人？,小杨Johnson,搞笑,娱乐,138,621,2115489,1931,700,46433,12116,9000,666,1780650000,https://www.bilibili.com/video/BV1um7665EHP,http://i2.hdslb.com/bfs/archive/4a683ea3a122ada0dd88fb184da7439b6831fdfe.jpg,normal,0.03193067891158971,0.2609351108048155,0.0012436840843889994,1,0,0,0,0,0.0,10分钟以上,2026-06-08 16:22:17
2026-06-08,2026-06-08 16:22:17,31,BV1um7665EpW,116696325033820,讷,水生植物人owo,日常,生活,21,16,1388334,997,7739,202200,5396,52405,18463,1780644714,https://www.bilibili.com/video/BV1um7665EpW,http://i2.hdslb.com/bfs/archive/ce971f171b1f22d061819b3fea882f5d4af2a608.jpg,normal,0.1872755403238702,0.0266864490603363,0.006292433953212988,1,0,0,0,0,0.0,0-3分钟,2026-06-08 16:22:17
2026-06-08,2026-06-08 16:22:17,94,BV1usEw6zEzz,116691040210285,吉时已到｜谁不想急头白脸地和朋友们一起搓一个群像电影啊！,爱黏人的圆子哔___,日常,生活,21,23783,374961,30435,3369,42257,43308,17331,2649,1780657200,https://www.bilibili.com/video/BV1usEw6zEzz,http://i2.hdslb.com/bfs/archive/4179c4c6089c95549d97a8322fe540958201cde3.jpg,normal,0.2744178727921037,1.0248716189033769,0.09015337595109892,1,0,0,0,0,0.0,10分钟以上,2026-06-08 16:22:17
2026-06-08,2026-06-08 16:22:17,33,BV1vEEP6HEFw,116692281789801,2025年出货量370万台！激光雷达真成“安全气囊”了？,保镖的车库,新能源车,新能源车,247,606,2247449,645,972,137785,3542,12470,496,1780653900,https://www.bilibili.com/video/BV1vEEP6HEFw,http://i1.hdslb.com/bfs/archive/76872e6b743f73527ee70c89a75c39214a868540.jpg,normal,0.06843180868620378,0.025706716986609573,0.0007194823998230883,1,0,0,0,0,0.0,10分钟以上,2026-06-08 16:22:17
2026-06-08,2026-06-08 16:22:17,32,BV1vR7D6JEEm,116702566223209,全球吃席！自驾巴尔干婚礼，吃欧洲乡村大席,食贫道,日常,生活,21,3274,1312886,8461,1729,121857,44995,15722,3502,1780741089,https://www.bilibili.com/video/BV1vR7D6JEEm,http://i2.hdslb.com/bfs/archive/b23120503d27e3049c25e887901c19df17a98fe1.jpg,normal,0.1390631022038471,0.3692442781292827,0.007761526895709148,1,0,0,0,0,0.0,10分钟以上,2026-06-08 16:22:17
2026-06-08,2026-06-08 16:22:17,50,BV1w6EF6QEjZ,116690033778619,不看后悔！史上最神人店家！,转生成为毛毛,美食侦探,美食,212,186,3578903,4130,9479,183056,5434,30933,15494,1780563600,https://www.bilibili.com/video/BV1w6EF6QEjZ,http://i1.hdslb.com/bfs/archive/07cb98d8f59285212c90c7646739a87803bf06c0.jpg,normal,0.06131012771231855,0.029684905165632373,0.0038025618464652437,1,0,0,0,0,0.0,3-10分钟,2026-06-08 16:22:17
2026-06-08,2026-06-08 16:22:17,18,BV1wE7m67EAF,116700569671653,“我在成华大道「拼接遗憾」”,Dieorite,人力VOCALOID,人力VOCALOID,126,116,717319,3128,1728,159316,34494,45484,2912,1780709690,https://www.bilibili.com/video/BV1wE7m67EAF,http://i1.hdslb.com/bfs/archive/b7a88bfce9322211ddb670d69d549967dba6591e.jpg,normal,0.3335949556612888,0.21651309347460393,0.006769651995834489,1,0,0,0,0,0.0,0-3分钟,2026-06-08 16:22:17
2026-06-08,2026-06-08 16:22:17,17,BV1wEEc6REms,116692097238799,城市大富翁（5）,雨哥到处跑,日常,生活,21,3846,1823447,40172,5274,155034,122626,41395,5241,1780628700,https://www.bilibili.com/video/BV1wEEc6REms,http://i1.hdslb.com/bfs/archive/8628e50dc2e56aec5815c8e3f665d304cfe23d80.jpg,normal,0.17497355283701693,0.7909619825328638,0.024923126364517312,1,0,0,0,0,0.0,10分钟以上,2026-06-08 16:22:17
2026-06-08,2026-06-08 16:22:17,10,BV1xR7S6hEkB,116700804683368,菲比：就你们寝室最吵！！,Lm海洋,音乐综合,音乐,130,262,1204123,752,4036,94736,68610,42577,14904,1780713190,https://www.bilibili.com/video/BV1xR7S6hEkB,http://i1.hdslb.com/bfs/archive/348cd3608f962369b093721ee90e2515a127a833.jpg,normal,0.17101492123312984,0.7242231042053707,0.003976337965473627,1,0,0,0,0,0.0,3-10分钟,2026-06-08 16:22:17
2026-06-08,2026-06-08 16:22:17,8,BV1xU7f6xEjt,116690939546284,CF单机叙事续作——《穿越火线：潜伏》实机首曝,穿越火线潜伏,单机游戏,游戏,17,308,6228765,1919,6401,130940,7531,26777,15148,1780696800,https://www.bilibili.com/video/BV1xU7f6xEjt,http://i0.hdslb.com/bfs/archive/140a4abb0c80a2aa1e7cb7126c978567b667ed12.jpg,normal,0.0265298177086469,0.057514892317091795,0.0013357383044632443,1,0,0,0,0,0.0,3-10分钟,2026-06-08 16:22:17
2026-06-08,2026-06-08 16:22:17,49,BV1xZ7k6LESp,116696778084201,“哎呀 我们的主角倒下啦～”,西门小昭,综合,综合,27,30,818993,129,1206,155793,11254,62448,2893,1780655400,https://www.bilibili.com/video/BV1xZ7k6LESp,http://i2.hdslb.com/bfs/archive/2c5c6c548ed488771077293e2f7bfcfb435e4744.jpg,normal,0.2802160702228224,0.0722368784220087,0.0016300505620927162,1,0,0,0,0,0.0,0-3分钟,2026-06-08 16:22:17
2026-06-08,2026-06-08 16:22:17,12,BV1xkE46PE59,116707649656463,参加了九次高考的考生采访,自来卷三木,日常,生活,21,99,3664633,2839,3490,249130,6613,15915,7166,1780817665,https://www.bilibili.com/video/BV1xkE46PE59,http://i1.hdslb.com/bfs/archive/2c51e17d5ab278033691d055015af26638867e5b.jpg,normal,0.07412966045986051,0.026544374422992012,0.0017270487931533662,1,0,0,0,0,0.0,0-3分钟,2026-06-08 16:22:17
2026-06-08,2026-06-08 16:22:17,86,BV1yc7r6vE1C,116695905734805,关于我18岁为什么不去参加高考,我不是赤寒,日常,生活,21,126,1173222,1578,6453,129878,6965,14075,1815,1780638439,https://www.bilibili.com/video/BV1yc7r6vE1C,http://i1.hdslb.com/bfs/archive/294ac25c415d3dcaf5c46bbc02fb5df23da86784.jpg,normal,0.12863550120948977,0.05362725018863857,0.00684525179377816,1,0,0,0,0,0.0,0-3分钟,2026-06-08 16:22:17
2026-06-08,2026-06-08 16:22:17,58,BV1yk7X6KEz4,116686023891513,2高中生屠杀同学，造成13人死亡后自杀，开启美国校园枪击案先河：科伦拜恩枪击案,捕月说,人文历史,知识,228,733,2507090,1059,955,83943,1165,11970,566,1780654200,https://www.bilibili.com/video/BV1yk7X6KEz4,http://i2.hdslb.com/bfs/archive/b52e8d555de710438989ea0831c1fa8211fbe67d.jpg,normal,0.03872138614888177,0.013878465148970134,0.0008033217794335265,1,0,0,0,0,0.0,10分钟以上,2026-06-08 16:22:17
