rank_date,snapshot_time,rank_position,bvid,aid,title,author,category,main_category,tid,duration,view_count,danmaku_count,reply_count,like_count,coin_count,favorite_count,share_count,pubdate,video_url,cover_url
2026-06-08,2026-06-08 10:02:23,1,BV15C7k6REKC,116697197451293,公测定档7月 | 《遗忘之海》船员集结摇滚MV「燥」,遗忘之海,GMV,GMV,121,205,7077695,1383,2575,129808,86115,84056,4774,1780711200,https://www.bilibili.com/video/BV15C7k6REKC,http://i0.hdslb.com/bfs/archive/bef8db958217ad42ed011f4bf5d5d6c1cf3a4bad.jpg
2026-06-08,2026-06-08 10:02:23,2,BV1cu7r6FEPd,116696023045705,英国，沦为印度殖民地,平原公子,日常,生活,21,463,3282902,13466,9322,212803,9533,23268,21078,1780640137,https://www.bilibili.com/video/BV1cu7r6FEPd,http://i1.hdslb.com/bfs/archive/95ba7fb80bc2a46fc2c8f7ff69a08c57c40ef914.jpg
2026-06-08,2026-06-08 10:02:23,3,BV1Uj7k6VEPU,116697432395968,信 |《归唐》19分钟完整实机演示,归唐,单机游戏,游戏,17,1167,7119151,20708,29544,124511,40564,25022,52590,1780791300,https://www.bilibili.com/video/BV1Uj7k6VEPU,http://i1.hdslb.com/bfs/archive/73972f02b3d2a52c97a1ec81e53403fef6160006.jpg
2026-06-08,2026-06-08 10:02:23,4,BV17GEP6xEDW,116692348832614,新三国up锐评楚汉传奇01：是不是我打开的方式不太对？,吃蛋挞的折棒,影视杂谈,影视,182,1348,1594905,20317,11736,137096,131405,28621,10596,1780624800,https://www.bilibili.com/video/BV17GEP6xEDW,http://i2.hdslb.com/bfs/archive/4e5cd47c8551d2b66643e2800041b7ec2d3bf729.jpg
2026-06-08,2026-06-08 10:02:23,5,BV1WY7U6dEJ5,116699814693875,【微电影】人类文明的最后一届高考,最后讲述者,鬼畜剧场,鬼畜剧场,216,263,2167809,2900,6076,174645,20476,39848,9517,1780709400,https://www.bilibili.com/video/BV1WY7U6dEJ5,http://i2.hdslb.com/bfs/archive/40a717d48c3dbeb9559b00a07a88af6cfd5181fb.jpg
2026-06-08,2026-06-08 10:02:23,6,BV1wEEc6REms,116692097238799,城市大富翁（5）,雨哥到处跑,日常,生活,21,3846,1763362,39261,5215,151677,120039,40657,5158,1780628700,https://www.bilibili.com/video/BV1wEEc6REms,http://i1.hdslb.com/bfs/archive/8628e50dc2e56aec5815c8e3f665d304cfe23d80.jpg
2026-06-08,2026-06-08 10:02:23,7,BV1rg7C6TEUm,116696912369911,一句“一氧化二氢”能钓出多少“读稿机”？,中国食品报融媒体,科学科普,知识,201,291,4668643,6494,22295,197678,15623,24288,16218,1780653928,https://www.bilibili.com/video/BV1rg7C6TEUm,http://i1.hdslb.com/bfs/archive/1081ed32a36e81bee443915a997ed5f2bd56badd.jpg
2026-06-08,2026-06-08 10:02:23,8,BV1T9Vm6UE2N,116684681647760,《古剑》3分钟战斗实机 | 线下试玩招募开启,古剑,单机游戏,游戏,17,168,5071810,3571,10264,96663,54132,34407,23031,1780698215,https://www.bilibili.com/video/BV1T9Vm6UE2N,http://i0.hdslb.com/bfs/archive/d18a0e2a80905c1a2bfe0d000c3ca47aa1548899.jpg
2026-06-08,2026-06-08 10:02:23,9,BV19ZEF6MEBV,116690117464228,人在干坏事的时候是不怕苦不怕累的,我是易拉爆,日常,生活,21,309,2176238,1475,4094,207151,15675,31191,15560,1780550100,https://www.bilibili.com/video/BV19ZEF6MEBV,http://i2.hdslb.com/bfs/archive/5a3e59dd5183e87d69b1ad3224466b821bf05e23.jpg
2026-06-08,2026-06-08 10:02:23,10,BV13s7z63EjV,116695016477738,《绝区零》3.0新地块实机演示,绝区零,手机游戏,游戏,172,599,1454380,9421,13690,125886,58823,22467,25003,1780624803,https://www.bilibili.com/video/BV13s7z63EjV,http://i0.hdslb.com/bfs/archive/ac132a13aed30f0b83ff50dfb56d83e2e518206a.jpg
2026-06-08,2026-06-08 10:02:23,11,BV1xU7f6xEjt,116690939546284,CF单机叙事续作——《穿越火线：潜伏》实机首曝,穿越火线潜伏,单机游戏,游戏,17,308,5941426,1875,6181,129161,7424,26345,14604,1780696800,https://www.bilibili.com/video/BV1xU7f6xEjt,http://i0.hdslb.com/bfs/archive/140a4abb0c80a2aa1e7cb7126c978567b667ed12.jpg
2026-06-08,2026-06-08 10:02:23,12,BV15v7S65EWD,116701022717876,挑战给历史故事打tag（标签）,混饭达人,娱乐杂谈,娱乐杂谈,241,77,3193024,2895,2469,254540,6080,29862,15420,1780716510,https://www.bilibili.com/video/BV15v7S65EWD,http://i2.hdslb.com/bfs/archive/1845b193e356ee0f6b686419e20cc96fe1678367.jpg
2026-06-08,2026-06-08 10:02:23,13,BV16w7D6RERW,116700921988742,007看后:追逐战？,MEspace天植,绘画,绘画,162,49,2652170,265,1101,259798,24800,44952,2306,1780714922,https://www.bilibili.com/video/BV16w7D6RERW,http://i2.hdslb.com/bfs/archive/f35dab38094910739815ae6424bcceee9316f8f7.jpg
2026-06-08,2026-06-08 10:02:23,14,BV1df7r6REpB,116695469463690,如何在家制造浓汤宝,嘤武罗,日常,生活,21,501,4812494,3635,3373,187764,47304,45872,2840,1780650000,https://www.bilibili.com/video/BV1df7r6REpB,http://i2.hdslb.com/bfs/archive/94c85d2ebad9002fcbad0c7ef2f3c8a3f1ec6768.jpg
2026-06-08,2026-06-08 10:02:23,15,BV1uXEA6gEMu,116692567070822,“别着急，我来给你补充「偶！像！能！量！」”,小耗owo,手机游戏,游戏,172,80,1216900,946,2578,240249,16798,54487,11155,1780624800,https://www.bilibili.com/video/BV1uXEA6gEMu,http://i1.hdslb.com/bfs/archive/64822f49e99e9fb8b41ba5e0f9e06f48d4b76446.jpg
2026-06-08,2026-06-08 10:02:23,16,BV1xR7S6hEkB,116700804683368,菲比：就你们寝室最吵！！,Lm海洋,音乐综合,音乐,130,262,1115879,732,3845,89463,65230,40007,14059,1780713190,https://www.bilibili.com/video/BV1xR7S6hEkB,http://i1.hdslb.com/bfs/archive/348cd3608f962369b093721ee90e2515a127a833.jpg
2026-06-08,2026-06-08 10:02:23,17,BV1pDV86oE6S,116657217344637,热烈欢迎薛凯琪！工作之余，Fiona会带哪些让自己感到快乐的东西呢～（录完这期脑海里都是Fifi的笑声,papi酱,短片,动画,256,2017,1390953,11582,4901,138188,54384,17296,7769,1780632000,https://www.bilibili.com/video/BV1pDV86oE6S,http://i2.hdslb.com/bfs/archive/032f4048d6f94c465fc10972289999cf79f2572f.jpg
2026-06-08,2026-06-08 10:02:23,18,BV1PP7C63E2J,116696710912022,《师》我回母校当老师,阿廖沙别害怕_,搞笑,娱乐,138,296,1938934,524,1116,180132,5026,14240,633,1780650587,https://www.bilibili.com/video/BV1PP7C63E2J,http://i0.hdslb.com/bfs/archive/b04455fde128b88ff0a92e264778512242510bc9.jpg
2026-06-08,2026-06-08 10:02:23,19,BV1ZREP6dEcU,116693758117714,扫落叶全清洁100%速通39分03秒leaf it alone,闲云豹,单机游戏,游戏,17,2367,1595398,1776,2396,139410,14667,30139,5772,1780605809,https://www.bilibili.com/video/BV1ZREP6dEcU,http://i1.hdslb.com/bfs/archive/310db23466f62e9399f25f92c8d2b0af953476d6.jpg
2026-06-08,2026-06-08 10:02:23,20,BV1Qi7f6eE59,116690805395451,致敬每一个心中有花，努力奔跑的人,爱画画的子衿,亲子,生活,254,313,1751595,3472,3678,238894,120787,16015,3847,1780561800,https://www.bilibili.com/video/BV1Qi7f6eE59,http://i1.hdslb.com/bfs/archive/2c9cc3dd70d264a8473e46b8bebaad7db4d6ef2c.jpg
2026-06-08,2026-06-08 10:02:23,21,BV1uX7k6UENx,116696761239484,巨构：没有告别,巨构ai,网络游戏,游戏,65,19,2979390,5965,7638,475532,24492,160672,7316,1780651506,https://www.bilibili.com/video/BV1uX7k6UENx,http://i0.hdslb.com/bfs/archive/1422e60b2923b373953bd4ce6433b6f0e91f9501.jpg
2026-06-08,2026-06-08 10:02:23,22,BV168796PEv1,116685839403735,如此仙音唯有挠臭,lulu和露爸,喵星人,喵星人,218,26,5110149,18655,6119,638378,18820,124232,27188,1780484850,https://www.bilibili.com/video/BV168796PEv1,http://i1.hdslb.com/bfs/archive/87f3ce4876a2e50e34a2c1b24dfe10ae34700a55.jpg
2026-06-08,2026-06-08 10:02:23,23,BV1s7V46XEix,116655590017716,评论区摄影大赛之火遍全网的佳作篇，本期有锐评系列也有破败与新生佳作，欢迎投稿好的作品会让更多人看到。,摄影恩哥,日常,生活,21,124,5060852,1845,9998,319588,2541,24275,1017,1780738200,https://www.bilibili.com/video/BV1s7V46XEix,http://i1.hdslb.com/bfs/archive/58aada2ca9cd83b3f4d86b331759b2c832c8bcb4.jpg
2026-06-08,2026-06-08 10:02:23,24,BV15iEc6VEfH,116691577216788,路边一块，也能变废为宝，雕刻出大家想要的题材我不知道什么时候天才会亮，但我知道，跑着跑着，天就亮了。,小梨家的和田玉,手工,生活,161,220,6211520,4077,12112,236778,8313,22838,3890,1780572193,https://www.bilibili.com/video/BV15iEc6VEfH,http://i2.hdslb.com/bfs/archive/c1597efe82d66a7f728f8bdd84505eff4b7f5ac9.jpg
2026-06-08,2026-06-08 10:02:23,25,BV1gsEw6zExs,116691040208641,你的高考/中考/期末考belike,哈基mer-猫meme,搞笑,娱乐,138,22,942248,31147,2689,307974,32755,62118,5614,1780564012,https://www.bilibili.com/video/BV1gsEw6zExs,http://i2.hdslb.com/bfs/archive/4f76f8d127f1c6d5a990c89a161f10356e783cd4.jpg
2026-06-08,2026-06-08 10:02:23,26,BV1w6EF6QEjZ,116690033778619,不看后悔！史上最神人店家！,转生成为毛毛,美食侦探,美食,212,186,3513659,4085,9357,180460,5341,30521,15213,1780563600,https://www.bilibili.com/video/BV1w6EF6QEjZ,http://i1.hdslb.com/bfs/archive/07cb98d8f59285212c90c7646739a87803bf06c0.jpg
2026-06-08,2026-06-08 10:02:23,27,BV1pW7Q68Emz,116702180348281,这期谁能绷住,呱唧菌,搞笑,娱乐,138,339,1560554,1954,1511,141588,7200,25607,2018,1780741800,https://www.bilibili.com/video/BV1pW7Q68Emz,http://i2.hdslb.com/bfs/archive/5ae6e1d11721490eb4a17034e97a4c36afdca5f0.jpg
2026-06-08,2026-06-08 10:02:23,28,BV1wE7m67EAF,116700569671653,“我在成华大道「拼接遗憾」”,Dieorite,人力VOCALOID,人力VOCALOID,126,116,690979,3006,1690,153610,32881,43717,2738,1780709690,https://www.bilibili.com/video/BV1wE7m67EAF,http://i1.hdslb.com/bfs/archive/b7a88bfce9322211ddb670d69d549967dba6591e.jpg
2026-06-08,2026-06-08 10:02:23,29,BV1TR766zEvE,116695972714489,在沙漠里种了1800万棵树，然后呢？,影视飓风,娱乐粉丝创作,娱乐,242,756,3001387,10265,2898,153576,57905,26398,2727,1780650000,https://www.bilibili.com/video/BV1TR766zEvE,http://i1.hdslb.com/bfs/archive/af434541e40c0402ac850fc6783faa3ed5bfdda9.jpg
2026-06-08,2026-06-08 10:02:23,30,BV1WT7C6uEj8,116696878749194,猫 咪 的 花 语 是 老 吴🎵,幾加乘,同人·手书,动画,47,259,1689702,1684,3290,121192,18554,25512,11078,1780653131,https://www.bilibili.com/video/BV1WT7C6uEj8,http://i0.hdslb.com/bfs/archive/ad354ddb8c2e2bf697327dc182835b3d6014f4b1.jpg
2026-06-08,2026-06-08 10:02:23,31,BV1Ja7k6AE1b,116697063235411,我又给花朵加了个开关！,是玉木呀,设计·创意,设计·创意,229,104,1060335,558,891,169953,19723,34549,3513,1780656042,https://www.bilibili.com/video/BV1Ja7k6AE1b,http://i0.hdslb.com/bfs/archive/c05470a618fc67ee60cb9df153eb5ad6d3c8ce08.jpg
2026-06-08,2026-06-08 10:02:23,32,BV1UV7k6LEUG,116697264627213,航天会刷典狱长？！【三角洲动画】,手折余弦丶,电子竞技,游戏,171,300,1294225,1434,1755,108392,12452,27846,3340,1780659017,https://www.bilibili.com/video/BV1UV7k6LEUG,http://i0.hdslb.com/bfs/archive/eb575db6391346950b2623259e6c0c6469239e03.jpg
2026-06-08,2026-06-08 10:02:23,33,BV1hG7y69Ej2,116698036313694,史上最骚特工(第二集),老番茄,单机游戏,游戏,17,842,2297189,3273,1771,136559,44673,38232,2326,1780716600,https://www.bilibili.com/video/BV1hG7y69Ej2,http://i2.hdslb.com/bfs/archive/c4778bfde8d395e0f91e2f746393736302e8205c.jpg
2026-06-08,2026-06-08 10:02:23,34,BV1um7665EpW,116696325033820,讷,水生植物人owo,日常,生活,21,16,1336112,966,7497,193617,5158,50342,17797,1780644714,https://www.bilibili.com/video/BV1um7665EpW,http://i2.hdslb.com/bfs/archive/ce971f171b1f22d061819b3fea882f5d4af2a608.jpg
2026-06-08,2026-06-08 10:02:23,35,BV1bV7k6LExn,116697264560365,再见！一系列！高考必胜！,一数,校园学习,知识,208,193,930877,29869,15420,87705,33798,18057,5776,1780659292,https://www.bilibili.com/video/BV1bV7k6LExn,http://i2.hdslb.com/bfs/archive/5df66240b2b71ca2bc6ce697e929657b1b1df5a4.jpg
2026-06-08,2026-06-08 10:02:23,36,BV1gWEw6gE4X,116691056987748,“这种没流量的画画最狠了”,像风如你o_O,日常,生活,21,25,2269783,686,3347,278518,7714,23888,1128,1780564358,https://www.bilibili.com/video/BV1gWEw6gE4X,http://i0.hdslb.com/bfs/archive/96621cf035234fbf3c3d6f498d6f4d5eae388c12.jpg
2026-06-08,2026-06-08 10:02:23,37,BV1GHEw6rEo4,116691140875979,无能的杰哥,神威-狗剩,影视剪辑,影视,183,154,2824303,1904,3850,138317,8414,25623,27893,1780565876,https://www.bilibili.com/video/BV1GHEw6rEo4,http://i2.hdslb.com/bfs/archive/0814d03bdf68a6a83cba4b8ba18fa6d58d6de912.jpg
2026-06-08,2026-06-08 10:02:23,38,BV1dY7Q6pEQZ,116701878291791,千里奔赴只为弥补40年前的遗憾,赛亚人阿廖,出行,生活,250,246,1075726,2066,1736,127771,33241,13138,456,1780729530,https://www.bilibili.com/video/BV1dY7Q6pEQZ,http://i0.hdslb.com/bfs/archive/5f9f719eb1fb6326b0a2eabe298cd1484afab3e6.jpg
2026-06-08,2026-06-08 10:02:23,39,BV1vR7D6JEEm,116702566223209,全球吃席！自驾巴尔干婚礼，吃欧洲乡村大席,食贫道,日常,生活,21,3274,1145496,7820,1650,109931,41111,14419,3370,1780741089,https://www.bilibili.com/video/BV1vR7D6JEEm,http://i2.hdslb.com/bfs/archive/b23120503d27e3049c25e887901c19df17a98fe1.jpg
2026-06-08,2026-06-08 10:02:23,40,BV1vEEP6HEFw,116692281789801,2025年出货量370万台！激光雷达真成“安全气囊”了？,保镖的车库,新能源车,新能源车,247,606,2234852,631,959,122442,3520,12443,491,1780653900,https://www.bilibili.com/video/BV1vEEP6HEFw,http://i1.hdslb.com/bfs/archive/76872e6b743f73527ee70c89a75c39214a868540.jpg
2026-06-08,2026-06-08 10:02:23,41,BV1kCVU65ERM,116669112386149,初中生斗胆跳一段jam,特崮斯,篮球,运动,235,45,6746941,10873,19084,1284937,211044,136408,20259,1780229707,https://www.bilibili.com/video/BV1kCVU65ERM,http://i1.hdslb.com/bfs/archive/5871a66dc8e356ff71da4a6d99d5922b4a6a3fce.jpg
2026-06-08,2026-06-08 10:02:23,42,BV19N7y6bE1e,116698455803490,全体起立鼓掌！人类发现了治癌症的新药！🤯,蜗牛的科技笔记,软件应用,软件应用,230,115,1521056,1302,7029,140362,5850,23535,9932,1780677279,https://www.bilibili.com/video/BV19N7y6bE1e,http://i2.hdslb.com/bfs/archive/3b5f57bbd2f68b33097261f34d0cbb700b9439ce.jpg
2026-06-08,2026-06-08 10:02:23,43,BV1xkE46PE59,116707649656463,参加了九次高考的考生采访,自来卷三木,日常,生活,21,99,2734159,1840,2477,188431,5133,11166,5041,1780817665,https://www.bilibili.com/video/BV1xkE46PE59,http://i1.hdslb.com/bfs/archive/2c51e17d5ab278033691d055015af26638867e5b.jpg
2026-06-08,2026-06-08 10:02:23,44,BV17q7y6qEeG,116697767874225,当代牢大学生论文现状belike：,黑曼波语录,鬼畜调教,鬼畜,22,78,1652625,256,1982,125287,4465,85150,9931,1780716900,https://www.bilibili.com/video/BV17q7y6qEeG,http://i2.hdslb.com/bfs/archive/a42866374c2dd87fd5093121386c1dd1372e10a6.jpg
2026-06-08,2026-06-08 10:02:23,45,BV1LR7D6JEV7,116702566156828,Re：佩恩从零开始的异世界生活！！！【水门篇】,-夏秋冬-,综合,综合,27,416,1097545,1540,3682,75875,27027,22212,4526,1780740005,https://www.bilibili.com/video/BV1LR7D6JEV7,http://i0.hdslb.com/bfs/archive/bb4c488614d181445341190010ddfd29eae8cfb7.jpg
2026-06-08,2026-06-08 10:02:23,46,BV1CQ7o61ERo,116689798764442,人，握爪后就不要放开咯！——《伊莫》握爪测试招募开启,伊莫,手机游戏,游戏,172,119,3376235,719,3294,80725,41048,40680,33651,1780797600,https://www.bilibili.com/video/BV1CQ7o61ERo,http://i0.hdslb.com/bfs/archive/06bcb84e42974283a3ade3bf6fbee2302b4b4d96.jpg
2026-06-08,2026-06-08 10:02:23,47,BV1tV7k6LEyH,116697264556028,你或许不认识我 但我唱的歌你或许？？听过？,喵☆酱,翻唱,音乐,31,443,594526,5713,2642,120833,8184,17917,1331,1780659262,https://www.bilibili.com/video/BV1tV7k6LEyH,http://i1.hdslb.com/bfs/archive/f27fa302b117dedb6f353c75770d440ca8982c33.jpg
2026-06-08,2026-06-08 10:02:23,48,BV1VD726iE1t,116698791282580,《猴王出事》,伤心欲茄222,搞笑,娱乐,138,103,2380209,1214,3677,167143,6701,8664,6007,1780718400,https://www.bilibili.com/video/BV1VD726iE1t,http://i1.hdslb.com/bfs/archive/2fa41f4d1af95817e553d8fd8c6eeb7fc16a9d82.jpg
2026-06-08,2026-06-08 10:02:23,49,BV13HEw6rEhc,116691140873202,接龙游戏开发，但都绷住了,M木糖M,单机游戏,游戏,17,933,1740295,1605,1110,85273,12374,15978,1455,1780630200,https://www.bilibili.com/video/BV13HEw6rEhc,http://i2.hdslb.com/bfs/archive/1083ae38f0917802668505e94ed2fe06226cc58b.jpg
2026-06-08,2026-06-08 10:02:23,50,BV1Qt7X61Enn,116686241993999,百万英镑，但素质过低,青时晚,影视剪辑,影视,183,174,2499986,2096,2663,147117,12193,37753,14912,1780490956,https://www.bilibili.com/video/BV1Qt7X61Enn,http://i0.hdslb.com/bfs/archive/1573985b4950f4d1001b3a21a50adab722b0a0f1.jpg
2026-06-08,2026-06-08 10:02:23,51,BV1jz7k6tEkL,116696979347018,教程来啦兄弟们 拍起来,是柳宗元,电子竞技,游戏,171,46,2314109,193,929,175876,3041,26771,1423,1780654702,https://www.bilibili.com/video/BV1jz7k6tEkL,http://i0.hdslb.com/bfs/archive/becaa38ea9e7437bed18411340db6d5da7f4cd54.jpg
2026-06-08,2026-06-08 10:02:23,52,BV1Jj7C6AEPq,116696845193451,是我还不够好,怎么转身又是,MMD·3D,动画,25,67,1835821,4664,7061,182601,9712,44726,28137,1780652794,https://www.bilibili.com/video/BV1Jj7C6AEPq,http://i0.hdslb.com/bfs/archive/c261bcb22b8b34b31c0d9cb2e04b0a49a318b123.jpg
2026-06-08,2026-06-08 10:02:23,53,BV1dq7Q6SEbX,116701827961912,最不吃压力之熊,传奇飞行员_太日阳莽,鬼畜剧场,鬼畜剧场,216,91,1694886,648,2689,135835,2453,30973,4313,1780728644,https://www.bilibili.com/video/BV1dq7Q6SEbX,http://i2.hdslb.com/bfs/archive/cdfe2d04e5d60dbd700833f920d17d40cebc2d39.jpg
2026-06-08,2026-06-08 10:02:23,54,BV1yo7B68EHX,116695117207554,《鸣潮》×《赛博朋克：边缘行者》共鸣者战斗演示 | 露西,鸣潮,单机游戏,游戏,17,283,2289573,2476,8318,79081,24547,13864,14979,1780628400,https://www.bilibili.com/video/BV1yo7B68EHX,http://i2.hdslb.com/bfs/archive/61426f2876187b9326f1b732fdea7044e08d7ea3.jpg
2026-06-08,2026-06-08 10:02:23,55,BV1xZ7k6LESp,116696778084201,“哎呀 我们的主角倒下啦～”,西门小昭,综合,综合,27,30,791673,127,1168,150949,10752,60551,2768,1780655400,https://www.bilibili.com/video/BV1xZ7k6LESp,http://i2.hdslb.com/bfs/archive/2c5c6c548ed488771077293e2f7bfcfb435e4744.jpg
2026-06-08,2026-06-08 10:02:23,56,BV15z766SE1A,116696341812776,假如高考什么都可以带,小安苒AIGC,校园学习,知识,208,177,2394402,2935,2754,101818,2382,7972,1927,1780646400,https://www.bilibili.com/video/BV15z766SE1A,http://i2.hdslb.com/bfs/archive/ed743a6a86446310a9957bce92faa671a082a6d8.jpg
2026-06-08,2026-06-08 10:02:23,57,BV1JJ7m62ELC,116700620065327,最直接的伤害往往只需采用最简单的普通攻击 #超能力 #万万没想到 #反转 #劲大,刘不凡本凡,短片,动画,256,364,2155035,2683,5940,118951,1781,13877,796,1780719600,https://www.bilibili.com/video/BV1JJ7m62ELC,http://i1.hdslb.com/bfs/archive/1b35b982075822d704a03ec34c21632ebcfa9044.jpg
2026-06-08,2026-06-08 10:02:23,58,BV1EwEF62EhA,116690721443492,当校长挑选教室地板时,Cheems电玩屋,日常,生活,21,18,5159155,844,5085,208309,1261,7879,518,1780559484,https://www.bilibili.com/video/BV1EwEF62EhA,http://i0.hdslb.com/bfs/archive/8916553504d48aec3ba5ad2bdfeec5fcf7eefc1c.jpg
2026-06-08,2026-06-08 10:02:23,59,BV1Zj7C6wEJY,116696845125445,织棉为布，非遗土布。用千年蓝染，重现极致的东方浪漫,花木紫Huamuz,手工,生活,161,401,1206122,1725,2605,97590,9165,9747,733,1780652882,https://www.bilibili.com/video/BV1Zj7C6wEJY,http://i0.hdslb.com/bfs/archive/753a39454d2f1455af84effb021941e20ad4c2c7.jpg
2026-06-08,2026-06-08 10:02:23,60,BV15W7C6tEyc,116696425766532,送你一片夕阳！,困雀雀,仿妆cos,时尚,252,36,581334,148,2334,169796,9139,30849,2698,1780646468,https://www.bilibili.com/video/BV15W7C6tEyc,http://i2.hdslb.com/bfs/archive/86973af2078693bfe5fc81d4dae783648e7fb904.jpg
2026-06-08,2026-06-08 10:02:23,61,BV1YVEn6fEmZ,116703304356999,那天真有其他人在场，但我没法证明。,何大爷课堂,人文历史,知识,228,123,1705843,335,2462,133079,3086,11870,1014,1780751375,https://www.bilibili.com/video/BV1YVEn6fEmZ,http://i1.hdslb.com/bfs/archive/36a36b65d7a5cdced8c027e2371074acb5dd204b.jpg
2026-06-08,2026-06-08 10:02:23,62,BV1JAEw69EUS,116691342200777,生完宝宝之后我再也不敢得罪我老公了，因为……,笑哥走丢了a,亲子,生活,254,89,2411338,922,7559,184298,3554,9381,2107,1780568869,https://www.bilibili.com/video/BV1JAEw69EUS,http://i2.hdslb.com/bfs/archive/2496ecbfca22198efdffe5b1855ea840b90edb2a.jpg
2026-06-08,2026-06-08 10:02:23,63,BV1uX7k6UEPn,116696761239539,把硬装的喊过来！,脱缰凯Kk,小剧场,娱乐,85,219,1344880,1645,1684,98439,3392,10294,695,1780651876,https://www.bilibili.com/video/BV1uX7k6UEPn,http://i1.hdslb.com/bfs/archive/1a5306b127f7814fe75bc726966f0f675fcb7e33.jpg
2026-06-08,2026-06-08 10:02:23,64,BV1Xa7m6qEm7,116700217347938,意识深渊：我真的存在吗？,大圆镜科普,科学科普,知识,201,484,927579,1340,2119,85941,3122,16483,1497,1780704207,https://www.bilibili.com/video/BV1Xa7m6qEm7,http://i1.hdslb.com/bfs/archive/2d760490c4cfbae1c3b9168320f075ace66ad15a.jpg
2026-06-08,2026-06-08 10:02:23,65,BV17z7y6KEVT,116697751096214,可爱的安魂曲~,徐大花xudahua,手工,生活,161,158,1483805,370,1427,100645,6641,14329,2367,1780718400,https://www.bilibili.com/video/BV17z7y6KEVT,http://i2.hdslb.com/bfs/archive/2fbc38542399965a708c159f85533b4f5065fe8c.jpg
2026-06-08,2026-06-08 10:02:23,66,BV1yk7X6KEz4,116686023891513,2高中生屠杀同学，造成13人死亡后自杀，开启美国校园枪击案先河：科伦拜恩枪击案,捕月说,人文历史,知识,228,733,2320081,963,871,79029,1041,11209,493,1780654200,https://www.bilibili.com/video/BV1yk7X6KEz4,http://i2.hdslb.com/bfs/archive/b52e8d555de710438989ea0831c1fa8211fbe67d.jpg
2026-06-08,2026-06-08 10:02:23,67,BV1R7Ew65ERR,116691124229360,当爸爸找亲戚买手机,刘鸿哥哥,小剧场,娱乐,85,119,2461853,1002,3128,167069,1515,9008,1807,1780565630,https://www.bilibili.com/video/BV1R7Ew65ERR,http://i0.hdslb.com/bfs/archive/5e4feb10a7cf9e178bf7e9a619d62843bc5ae8b2.jpg
2026-06-08,2026-06-08 10:02:23,68,BV1W6VZ6MEbd,116674313328609,🍄欠揍气球🍄,纸片马力欧,日常,生活,21,40,4685828,6952,10851,536000,42968,284615,80840,1780309043,https://www.bilibili.com/video/BV1W6VZ6MEbd,http://i0.hdslb.com/bfs/archive/3d18bae01c4fc365d9e7e0ede5efb926e32115ad.jpg
2026-06-08,2026-06-08 10:02:23,69,BV1YV7U6zEps,116699697254319,小登VS老登,灼眼的SABER哒,同人·手书,动画,47,63,989456,465,2552,126755,11027,42506,10235,1780718400,https://www.bilibili.com/video/BV1YV7U6zEps,http://i0.hdslb.com/bfs/archive/dce2758cd8546e893008888b88f215364194d4a7.jpg
2026-06-08,2026-06-08 10:02:23,70,BV15d7D6UE4i,116702549379788,世界杯期间不抓移民？那这世界杯不是白办了吗,麻薯波比呀,社科·法律·心理,知识,124,995,1458044,6639,3104,84153,12099,9389,2028,1780740025,https://www.bilibili.com/video/BV15d7D6UE4i,http://i2.hdslb.com/bfs/archive/91940674117acf43b95f7a6e2e7ab686470cc3ea.jpg
2026-06-08,2026-06-08 10:02:23,71,BV1yc7r6vE1C,116695905734805,关于我18岁为什么不去参加高考,我不是赤寒,日常,生活,21,126,1148098,1511,6396,127549,6868,13765,1800,1780638439,https://www.bilibili.com/video/BV1yc7r6vE1C,http://i1.hdslb.com/bfs/archive/294ac25c415d3dcaf5c46bbc02fb5df23da86784.jpg
2026-06-08,2026-06-08 10:02:23,72,BV1TK7S6PESt,116701341420908,全记录！菲律宾防长躲避中方记者进后厨内幕,玉渊谭天,科学科普,知识,201,466,696992,5069,4346,77714,24680,8680,1967,1780729200,https://www.bilibili.com/video/BV1TK7S6PESt,http://i0.hdslb.com/bfs/archive/4f11eda2d2c34ea69bc20938c15ebcc0e4b3affc.jpg
2026-06-08,2026-06-08 10:02:23,73,BV1q1Vy64EqA,116682450274928,给朋友做的一本翻翻乐,花颜和鸣,日常,生活,21,70,673635,1024,2639,158898,13415,21677,1039,1780589700,https://www.bilibili.com/video/BV1q1Vy64EqA,http://i0.hdslb.com/bfs/archive/b6ed86d5a0591cf027f6b65a4770f1c9656617d7.jpg
2026-06-08,2026-06-08 10:02:23,74,BV1kv7262EyU,116698623578210,公司给粉丝安排了30万的水上宫殿...,飓多多StormCrew,日常,生活,21,852,1550763,3529,2362,79571,18645,16404,1878,1780714800,https://www.bilibili.com/video/BV1kv7262EyU,http://i2.hdslb.com/bfs/archive/a59944bd6ce91c0bbc28d8c8b560e8b73c31e976.jpg
2026-06-08,2026-06-08 10:02:23,75,BV1Bm7U6jEDZ,116701542815709,《爱，你》,是许木木啊,日常,生活,21,1043,881031,5327,4262,92201,11712,22657,1604,1780738200,https://www.bilibili.com/video/BV1Bm7U6jEDZ,http://i0.hdslb.com/bfs/archive/fd7de4f643c70f1117b5d4f7ef9d1878ffc094bd.jpg
2026-06-08,2026-06-08 10:02:23,76,BV1bd7k62Epb,116696794863371,LV6有啥用?一个视频看懂LV6所有特权功能,威尔斯耍流氓,搞笑,娱乐,138,193,564323,8543,15340,52772,32073,6935,3616,1780652357,https://www.bilibili.com/video/BV1bd7k62Epb,http://i1.hdslb.com/bfs/archive/96eeed5029dce27d3f6ea0160d4ade58d6afb34e.jpg
2026-06-08,2026-06-08 10:02:23,77,BV19J7r6HESb,116695704274527,【抱佛脚】高考语文！选择题？最后一课！,学过石油的语文老师,校园学习,知识,208,1200,882231,37019,11369,41968,17086,20343,4085,1780660800,https://www.bilibili.com/video/BV19J7r6HESb,http://i0.hdslb.com/bfs/archive/f8d05a7621ff85694f1ddb7ac6c3c775b0e01965.jpg
2026-06-08,2026-06-08 10:02:23,78,BV1787S6mEV8,116701073053928,这里藏着一群“伪人”,摸鱼佬临风,鬼畜剧场,鬼畜剧场,216,354,373238,426,804,82298,5544,26482,1044,1780717427,https://www.bilibili.com/video/BV1787S6mEV8,http://i2.hdslb.com/bfs/archive/d2a4fc8b8017160bc03e17f14d6fbedd690059c1.jpg
2026-06-08,2026-06-08 10:02:23,79,BV1n17D6xEX2,116702331278408,这就是7JIA最强之人,杨齐家_,单机游戏,游戏,17,1221,2178073,5028,2333,105698,9320,15862,863,1780736508,https://www.bilibili.com/video/BV1n17D6xEX2,http://i1.hdslb.com/bfs/archive/63922fa2e9e8a18b95b8175a3bea61b0779794d1.jpg
2026-06-08,2026-06-08 10:02:23,80,BV1MtEF6fEga,116690436233152,全国男生统一迷惑行为,王小洋-已黑化,日常,生活,21,446,1137250,3396,2357,92318,2192,17422,2581,1780567200,https://www.bilibili.com/video/BV1MtEF6fEga,http://i1.hdslb.com/bfs/archive/696e0beeae3b0520b2aeae3a4aa24c0eeb689fcd.jpg
2026-06-08,2026-06-08 10:02:23,81,BV1Vz766DE6S,116696342006745,“从来就没有什么意外 ”,DKM莫天行,GMV,GMV,121,142,894443,231,1679,104118,17080,33178,923,1780653600,https://www.bilibili.com/video/BV1Vz766DE6S,http://i1.hdslb.com/bfs/archive/ebae2236febce20da402b0789a87254a40b4e8b8.jpg
2026-06-08,2026-06-08 10:02:23,82,BV1jeEc6yE75,116691593992011,《你说谁错谁就错，因为你开迈巴赫》,嘞是唐孃孃,搞笑,娱乐,138,34,3209608,180,2001,241371,3487,16298,1315,1780572588,https://www.bilibili.com/video/BV1jeEc6yE75,http://i0.hdslb.com/bfs/archive/cc74080d84744d7622f9f9dd492a1583e00aaed7.jpg
2026-06-08,2026-06-08 10:02:23,83,BV13c7S6qE5a,116701324648092,大哥豪刷10个爱神之箭！头开8个苹果全程揪心，接连翻车差点心态崩盘！,语格yoga,舞蹈综合,舞蹈综合,154,271,1425578,1937,3225,80111,9096,5762,2390,1780721492,https://www.bilibili.com/video/BV13c7S6qE5a,http://i1.hdslb.com/bfs/archive/e2af963c319aa3c1083f65f39306936b272010b5.jpg
2026-06-08,2026-06-08 10:02:23,84,BV16DVz6UE77,116679229180052,如何拍出电影感大片,喜欢拍照的皮皮,日常,生活,21,60,4008884,369,2408,375712,13829,111114,9138,1780384052,https://www.bilibili.com/video/BV16DVz6UE77,http://i1.hdslb.com/bfs/archive/82ba23d6fb45244f769f8f127cfbe2f51afe67c8.jpg
2026-06-08,2026-06-08 10:02:23,85,BV16kV26TES7,116685470175022,当父母说出了正确答案：,进击的金厂长,搞笑,娱乐,138,129,6365172,2515,2574,419737,155037,199113,3509,1780479155,https://www.bilibili.com/video/BV16kV26TES7,http://i0.hdslb.com/bfs/archive/982b25c4ef21fb08f77ae933c89f4b99d5b0c86a.jpg
2026-06-08,2026-06-08 10:02:23,86,BV16sEc6SEwE,116692030070649,班级里的某些努力姐belike：,不懂爱的喵,AI音乐,AI音乐,265,81,2368160,669,4803,137488,709,11012,4765,1780579469,https://www.bilibili.com/video/BV16sEc6SEwE,http://i2.hdslb.com/bfs/archive/711ed87052e442f67c408a6e4e372e876c02a3f0.jpg
2026-06-08,2026-06-08 10:02:23,87,BV1fV7C6PEC3,116696811571160,当我出提纳里时收到了植物学博士录取通知,乔落落啊,仿妆cos,时尚,252,27,763195,3509,2635,183134,4499,5323,561,1780652265,https://www.bilibili.com/video/BV1fV7C6PEC3,http://i1.hdslb.com/bfs/archive/a6bca5345beae937c7e2979d6d22be6cbdaa9f2e.jpg
2026-06-08,2026-06-08 10:02:23,88,BV1Vq7m6NEN8,116700368408896,【时代少年团】系列纪录片《光辉岁月》——“回南天”,时代少年团,明星综合,明星综合,137,13990,1260056,22716,3459,44022,12720,15170,1846,1780718400,https://www.bilibili.com/video/BV1Vq7m6NEN8,http://i2.hdslb.com/bfs/archive/bc281db3fee5c37911a273d2435afe8e9047405f.jpg
2026-06-08,2026-06-08 10:02:23,89,BV1KG7S6FECF,116701274313735,小孩只是请男人吃了一块羊肉，男人转手就掏出一个900克的大金轮,懂一点人情世故,影视剪辑,影视,183,425,1391445,851,880,76506,883,7984,323,1780720244,https://www.bilibili.com/video/BV1KG7S6FECF,http://i2.hdslb.com/bfs/archive/7635c90a615f292f19e67c7de1d91e5c8a697033.jpg
2026-06-08,2026-06-08 10:02:23,90,BV12R7Q6MEJX,116686543914174,你说你有点难追～,未知艺术家_611,搞笑,娱乐,138,30,2877646,241,2060,256898,3170,27385,4024,1780495648,https://www.bilibili.com/video/BV12R7Q6MEJX,http://i2.hdslb.com/bfs/archive/aeaf33a25e079b26433a425ee56ac24f566861d7.jpg
2026-06-08,2026-06-08 10:02:23,91,BV1um7665EHP,116696325033953,谁是猜价超人？,小杨Johnson,搞笑,娱乐,138,621,2096930,1911,688,45541,11875,8907,655,1780650000,https://www.bilibili.com/video/BV1um7665EHP,http://i2.hdslb.com/bfs/archive/4a683ea3a122ada0dd88fb184da7439b6831fdfe.jpg
2026-06-08,2026-06-08 10:02:23,92,BV19J7r6HEV7,116695704276560,咕嘎吃掉了整个幼儿园的伙食,咕咕嘎画,搞笑,娱乐,138,46,1639084,147,1233,123265,6486,18610,3619,1780635229,https://www.bilibili.com/video/BV19J7r6HEV7,http://i0.hdslb.com/bfs/archive/6f27e7f3c76289f0fac5ed16261338d0a6c2d5f2.jpg
2026-06-08,2026-06-08 10:02:23,93,BV1ksEA6tEHn,116692801819881,挑战从上海走回深圳！1357公里我能成功吗?,拉宏桑,日常,生活,21,610,1173594,4198,2579,77554,8470,5002,2329,1780651200,https://www.bilibili.com/video/BV1ksEA6tEHn,http://i1.hdslb.com/bfs/archive/1a330af59312e3157e5eddc870a27205d9dfb031.jpg
2026-06-08,2026-06-08 10:02:23,94,BV1BQ7r68Ejy,116695553280188,高考加油！！！,青柳尊哉,日常,生活,21,25,427018,5412,2790,164612,12682,12126,3514,1780650000,https://www.bilibili.com/video/BV1BQ7r68Ejy,http://i1.hdslb.com/bfs/archive/d2a9b7766bc4f672f01dd4b2805739df436bfc4b.jpg
2026-06-08,2026-06-08 10:02:23,95,BV1DB7f6AEBK,116690989942959,最 不 物 质 之 人,张八筒筒,日常,生活,21,127,2713263,944,963,171515,1625,9061,889,1780563943,https://www.bilibili.com/video/BV1DB7f6AEBK,http://i1.hdslb.com/bfs/archive/612e05a8e02454bd4e3723991d4808f061b1c188.jpg
2026-06-08,2026-06-08 10:02:23,96,BV1aM7k6UELy,116697314890238,JO等了！介绍一下我的六个替身,曦曦鱼SAKANA,日常,生活,21,57,2107530,388,2159,131857,2856,11720,3790,1780660000,https://www.bilibili.com/video/BV1aM7k6UELy,http://i1.hdslb.com/bfs/archive/885aa33388ed27e0d72abdd95cd0e74a19046a67.jpg
2026-06-08,2026-06-08 10:02:23,97,BV1s47y65E4g,116698153752165,那年你写下了什么？复盘1977—2025年高考作文题【大国之治·高考作文题】,大象放映室,财经商业,知识,207,2306,1180737,2344,4594,32411,10808,25235,6957,1780801200,https://www.bilibili.com/video/BV1s47y65E4g,http://i1.hdslb.com/bfs/archive/e403ab5119fb220e6ae7654b859643b16dec3709.jpg
2026-06-08,2026-06-08 10:02:23,98,BV1U27f6oE3S,116690956390857,凡事别猎奇 入坑不由己,-大大大大古,日常,生活,21,205,580604,1406,1092,78708,1324,12800,1929,1780625621,https://www.bilibili.com/video/BV1U27f6oE3S,http://i0.hdslb.com/bfs/archive/995ee6d254e2379e73a1416a7762bfe76465ba46.jpg
2026-06-08,2026-06-08 10:02:23,99,BV1sC7R6VEF3,116687181451048,【侯绿萝】视频加载中，速速查收惊喜！,侯绿萝,小剧场,娱乐,85,233,1993583,1601,1459,189692,11371,15757,1910,1780538400,https://www.bilibili.com/video/BV1sC7R6VEF3,http://i0.hdslb.com/bfs/archive/e40df1469a3bc68659f30a77b0e0801ae88938bb.jpg
2026-06-08,2026-06-08 10:02:23,100,BV1HL7m6JECt,116700670395936,霸总腌入味，王鹤棣太让人笑幻了……【不舒服学】逐帧分析,一只吐槽圆,娱乐杂谈,娱乐杂谈,241,1774,1376134,19386,4339,61604,23970,10977,11618,1780711190,https://www.bilibili.com/video/BV1HL7m6JECt,http://i0.hdslb.com/bfs/archive/cfe030cb9db76b0cad1dc763db5d7299bfd51ab9.jpg
2026-06-08,2026-06-08 11:09:22,1,BV15C7k6REKC,116697197451293,公测定档7月 | 《遗忘之海》船员集结摇滚MV「燥」,遗忘之海,GMV,GMV,121,205,7256879,1390,2582,130546,86182,84170,4810,1780711200,https://www.bilibili.com/video/BV15C7k6REKC,http://i0.hdslb.com/bfs/archive/bef8db958217ad42ed011f4bf5d5d6c1cf3a4bad.jpg
2026-06-08,2026-06-08 11:09:22,2,BV1cu7r6FEPd,116696023045705,英国，沦为印度殖民地,平原公子,日常,生活,21,463,3313903,13576,9429,214611,9688,23476,21321,1780640137,https://www.bilibili.com/video/BV1cu7r6FEPd,http://i1.hdslb.com/bfs/archive/95ba7fb80bc2a46fc2c8f7ff69a08c57c40ef914.jpg
2026-06-08,2026-06-08 11:09:22,3,BV1Uj7k6VEPU,116697432395968,信 |《归唐》19分钟完整实机演示,归唐,单机游戏,游戏,17,1167,7333650,20985,29938,126729,41048,25422,53531,1780791300,https://www.bilibili.com/video/BV1Uj7k6VEPU,http://i1.hdslb.com/bfs/archive/73972f02b3d2a52c97a1ec81e53403fef6160006.jpg
2026-06-08,2026-06-08 11:09:22,4,BV1WY7U6dEJ5,116699814693875,【微电影】人类文明的最后一届高考,最后讲述者,鬼畜剧场,鬼畜剧场,216,263,2176928,2915,6135,175364,20696,40127,9592,1780709400,https://www.bilibili.com/video/BV1WY7U6dEJ5,http://i2.hdslb.com/bfs/archive/40a717d48c3dbeb9559b00a07a88af6cfd5181fb.jpg
2026-06-08,2026-06-08 11:09:22,5,BV1wEEc6REms,116692097238799,城市大富翁（5）,雨哥到处跑,日常,生活,21,3846,1768546,39349,5221,152059,120245,40733,5166,1780628700,https://www.bilibili.com/video/BV1wEEc6REms,http://i1.hdslb.com/bfs/archive/8628e50dc2e56aec5815c8e3f665d304cfe23d80.jpg
2026-06-08,2026-06-08 11:09:22,6,BV17GEP6xEDW,116692348832614,新三国up锐评楚汉传奇01：是不是我打开的方式不太对？,吃蛋挞的折棒,影视杂谈,影视,182,1348,1600717,20350,11752,137328,131609,28678,10609,1780624800,https://www.bilibili.com/video/BV17GEP6xEDW,http://i2.hdslb.com/bfs/archive/4e5cd47c8551d2b66643e2800041b7ec2d3bf729.jpg
2026-06-08,2026-06-08 11:09:22,7,BV1rg7C6TEUm,116696912369911,一句“一氧化二氢”能钓出多少“读稿机”？,中国食品报融媒体,科学科普,知识,201,291,4699048,6542,22494,199007,15726,24413,16372,1780653928,https://www.bilibili.com/video/BV1rg7C6TEUm,http://i1.hdslb.com/bfs/archive/1081ed32a36e81bee443915a997ed5f2bd56badd.jpg
2026-06-08,2026-06-08 11:09:22,8,BV1T9Vm6UE2N,116684681647760,《古剑》3分钟战斗实机 | 线下试玩招募开启,古剑,单机游戏,游戏,17,168,5074344,3578,10283,96739,54177,34421,23087,1780698215,https://www.bilibili.com/video/BV1T9Vm6UE2N,http://i0.hdslb.com/bfs/archive/d18a0e2a80905c1a2bfe0d000c3ca47aa1548899.jpg
2026-06-08,2026-06-08 11:09:22,9,BV19ZEF6MEBV,116690117464228,人在干坏事的时候是不怕苦不怕累的,我是易拉爆,日常,生活,21,309,2179085,1482,4106,207460,15737,31257,15604,1780550100,https://www.bilibili.com/video/BV19ZEF6MEBV,http://i2.hdslb.com/bfs/archive/5a3e59dd5183e87d69b1ad3224466b821bf05e23.jpg
2026-06-08,2026-06-08 11:09:22,10,BV1xU7f6xEjt,116690939546284,CF单机叙事续作——《穿越火线：潜伏》实机首曝,穿越火线潜伏,单机游戏,游戏,17,308,5974851,1886,6174,129812,7444,26460,14697,1780696800,https://www.bilibili.com/video/BV1xU7f6xEjt,http://i0.hdslb.com/bfs/archive/140a4abb0c80a2aa1e7cb7126c978567b667ed12.jpg
2026-06-08,2026-06-08 11:09:22,11,BV16w7D6RERW,116700921988742,007看后:追逐战？,MEspace天植,绘画,绘画,162,49,2668110,267,1110,261504,24987,45290,2336,1780714922,https://www.bilibili.com/video/BV16w7D6RERW,http://i2.hdslb.com/bfs/archive/f35dab38094910739815ae6424bcceee9316f8f7.jpg
2026-06-08,2026-06-08 11:09:22,12,BV15v7S65EWD,116701022717876,挑战给历史故事打tag（标签）,混饭达人,娱乐杂谈,娱乐杂谈,241,77,3212139,2928,2497,256370,6127,30120,15554,1780716510,https://www.bilibili.com/video/BV15v7S65EWD,http://i2.hdslb.com/bfs/archive/1845b193e356ee0f6b686419e20cc96fe1678367.jpg
2026-06-08,2026-06-08 11:09:22,13,BV1df7r6REpB,116695469463690,如何在家制造浓汤宝,嘤武罗,日常,生活,21,501,4822529,3646,3385,188226,47404,45964,2847,1780650000,https://www.bilibili.com/video/BV1df7r6REpB,http://i2.hdslb.com/bfs/archive/94c85d2ebad9002fcbad0c7ef2f3c8a3f1ec6768.jpg
2026-06-08,2026-06-08 11:09:22,14,BV1xR7S6hEkB,116700804683368,菲比：就你们寝室最吵！！,Lm海洋,音乐综合,音乐,130,262,1130988,733,3877,90368,65766,40453,14183,1780713190,https://www.bilibili.com/video/BV1xR7S6hEkB,http://i1.hdslb.com/bfs/archive/348cd3608f962369b093721ee90e2515a127a833.jpg
2026-06-08,2026-06-08 11:09:22,15,BV13s7z63EjV,116695016477738,《绝区零》3.0新地块实机演示,绝区零,手机游戏,游戏,172,599,1455537,9423,13696,125955,58831,22471,25012,1780624803,https://www.bilibili.com/video/BV13s7z63EjV,http://i0.hdslb.com/bfs/archive/ac132a13aed30f0b83ff50dfb56d83e2e518206a.jpg
2026-06-08,2026-06-08 11:09:22,16,BV1pDV86oE6S,116657217344637,热烈欢迎薛凯琪！工作之余，Fiona会带哪些让自己感到快乐的东西呢～（录完这期脑海里都是Fifi的笑声,papi酱,短片,动画,256,2017,1396204,11601,4918,138593,54502,17351,7790,1780632000,https://www.bilibili.com/video/BV1pDV86oE6S,http://i2.hdslb.com/bfs/archive/032f4048d6f94c465fc10972289999cf79f2572f.jpg
2026-06-08,2026-06-08 11:09:22,17,BV1PP7C63E2J,116696710912022,《师》我回母校当老师,阿廖沙别害怕_,搞笑,娱乐,138,296,1956814,529,1125,181385,5051,14326,641,1780650587,https://www.bilibili.com/video/BV1PP7C63E2J,http://i0.hdslb.com/bfs/archive/b04455fde128b88ff0a92e264778512242510bc9.jpg
2026-06-08,2026-06-08 11:09:22,18,BV1ZREP6dEcU,116693758117714,扫落叶全清洁100%速通39分03秒leaf it alone,闲云豹,单机游戏,游戏,17,2367,1605324,1779,2403,139858,14720,30300,5812,1780605809,https://www.bilibili.com/video/BV1ZREP6dEcU,http://i1.hdslb.com/bfs/archive/310db23466f62e9399f25f92c8d2b0af953476d6.jpg
2026-06-08,2026-06-08 11:09:22,19,BV1uXEA6gEMu,116692567070822,“别着急，我来给你补充「偶！像！能！量！」”,小耗owo,手机游戏,游戏,172,80,1222048,948,2587,241111,16887,54719,11202,1780624800,https://www.bilibili.com/video/BV1uXEA6gEMu,http://i1.hdslb.com/bfs/archive/64822f49e99e9fb8b41ba5e0f9e06f48d4b76446.jpg
2026-06-08,2026-06-08 11:09:22,20,BV1pW7Q68Emz,116702180348281,这期谁能绷住,呱唧菌,搞笑,娱乐,138,339,1591141,1959,1518,143008,7301,26246,2025,1780741800,https://www.bilibili.com/video/BV1pW7Q68Emz,http://i2.hdslb.com/bfs/archive/5ae6e1d11721490eb4a17034e97a4c36afdca5f0.jpg
2026-06-08,2026-06-08 11:09:22,21,BV1uX7k6UENx,116696761239484,巨构：没有告别,巨构ai,网络游戏,游戏,65,19,2992926,5996,7676,476896,24607,161164,7359,1780651506,https://www.bilibili.com/video/BV1uX7k6UENx,http://i0.hdslb.com/bfs/archive/1422e60b2923b373953bd4ce6433b6f0e91f9501.jpg
2026-06-08,2026-06-08 11:09:22,22,BV168796PEv1,116685839403735,如此仙音唯有挠臭,lulu和露爸,喵星人,喵星人,218,26,5126711,18732,6136,640433,18899,124638,27283,1780484850,https://www.bilibili.com/video/BV168796PEv1,http://i1.hdslb.com/bfs/archive/87f3ce4876a2e50e34a2c1b24dfe10ae34700a55.jpg
2026-06-08,2026-06-08 11:09:22,23,BV1s7V46XEix,116655590017716,评论区摄影大赛之火遍全网的佳作篇，本期有锐评系列也有破败与新生佳作，欢迎投稿好的作品会让更多人看到。,摄影恩哥,日常,生活,21,124,5086337,1858,10052,320746,2562,24357,1025,1780738200,https://www.bilibili.com/video/BV1s7V46XEix,http://i1.hdslb.com/bfs/archive/58aada2ca9cd83b3f4d86b331759b2c832c8bcb4.jpg
2026-06-08,2026-06-08 11:09:22,24,BV15iEc6VEfH,116691577216788,路边一块，也能变废为宝，雕刻出大家想要的题材我不知道什么时候天才会亮，但我知道，跑着跑着，天就亮了。,小梨家的和田玉,手工,生活,161,220,6226586,4089,12146,237307,8340,22871,3897,1780572193,https://www.bilibili.com/video/BV15iEc6VEfH,http://i2.hdslb.com/bfs/archive/c1597efe82d66a7f728f8bdd84505eff4b7f5ac9.jpg
2026-06-08,2026-06-08 11:09:22,25,BV1gsEw6zExs,116691040208641,你的高考/中考/期末考belike,哈基mer-猫meme,搞笑,娱乐,138,22,946945,31196,2693,309029,32792,62274,5625,1780564012,https://www.bilibili.com/video/BV1gsEw6zExs,http://i2.hdslb.com/bfs/archive/4f76f8d127f1c6d5a990c89a161f10356e783cd4.jpg
2026-06-08,2026-06-08 11:09:22,26,BV1Qi7f6eE59,116690805395451,致敬每一个心中有花，努力奔跑的人,爱画画的子衿,亲子,生活,254,313,1754613,3481,3686,239291,120982,16052,3851,1780561800,https://www.bilibili.com/video/BV1Qi7f6eE59,http://i1.hdslb.com/bfs/archive/2c9cc3dd70d264a8473e46b8bebaad7db4d6ef2c.jpg
2026-06-08,2026-06-08 11:09:22,27,BV1wE7m67EAF,116700569671653,“我在成华大道「拼接遗憾」”,Dieorite,人力VOCALOID,人力VOCALOID,126,116,694648,3021,1696,154485,33166,44009,2769,1780709690,https://www.bilibili.com/video/BV1wE7m67EAF,http://i1.hdslb.com/bfs/archive/b7a88bfce9322211ddb670d69d549967dba6591e.jpg
2026-06-08,2026-06-08 11:09:22,28,BV1TR766zEvE,116695972714489,在沙漠里种了1800万棵树，然后呢？,影视飓风,娱乐粉丝创作,娱乐,242,756,3037265,10310,2920,154736,58123,26536,2745,1780650000,https://www.bilibili.com/video/BV1TR766zEvE,http://i1.hdslb.com/bfs/archive/af434541e40c0402ac850fc6783faa3ed5bfdda9.jpg
2026-06-08,2026-06-08 11:09:22,29,BV1w6EF6QEjZ,116690033778619,不看后悔！史上最神人店家！,转生成为毛毛,美食侦探,美食,212,186,3521018,4093,9372,180726,5353,30563,15245,1780563600,https://www.bilibili.com/video/BV1w6EF6QEjZ,http://i1.hdslb.com/bfs/archive/07cb98d8f59285212c90c7646739a87803bf06c0.jpg
2026-06-08,2026-06-08 11:09:22,30,BV1WT7C6uEj8,116696878749194,猫 咪 的 花 语 是 老 吴🎵,幾加乘,同人·手书,动画,47,259,1699388,1686,3312,121694,18638,25637,11127,1780653131,https://www.bilibili.com/video/BV1WT7C6uEj8,http://i0.hdslb.com/bfs/archive/ad354ddb8c2e2bf697327dc182835b3d6014f4b1.jpg
2026-06-08,2026-06-08 11:09:22,31,BV1Ja7k6AE1b,116697063235411,我又给花朵加了个开关！,是玉木呀,设计·创意,设计·创意,229,104,1064200,560,892,170715,19818,34715,3530,1780656042,https://www.bilibili.com/video/BV1Ja7k6AE1b,http://i0.hdslb.com/bfs/archive/c05470a618fc67ee60cb9df153eb5ad6d3c8ce08.jpg
2026-06-08,2026-06-08 11:09:22,32,BV1UV7k6LEUG,116697264627213,航天会刷典狱长？！【三角洲动画】,手折余弦丶,电子竞技,游戏,171,300,1302803,1440,1770,109043,12543,28048,3365,1780659017,https://www.bilibili.com/video/BV1UV7k6LEUG,http://i0.hdslb.com/bfs/archive/eb575db6391346950b2623259e6c0c6469239e03.jpg
2026-06-08,2026-06-08 11:09:22,33,BV1hG7y69Ej2,116698036313694,史上最骚特工(第二集),老番茄,单机游戏,游戏,17,842,2312357,3289,1776,137269,44905,38424,2338,1780716600,https://www.bilibili.com/video/BV1hG7y69Ej2,http://i2.hdslb.com/bfs/archive/c4778bfde8d395e0f91e2f746393736302e8205c.jpg
2026-06-08,2026-06-08 11:09:22,34,BV1um7665EpW,116696325033820,讷,水生植物人owo,日常,生活,21,16,1343635,971,7536,194876,5203,50652,17872,1780644714,https://www.bilibili.com/video/BV1um7665EpW,http://i2.hdslb.com/bfs/archive/ce971f171b1f22d061819b3fea882f5d4af2a608.jpg
2026-06-08,2026-06-08 11:09:22,35,BV1bV7k6LExn,116697264560365,再见！一系列！高考必胜！,一数,校园学习,知识,208,193,934423,29925,15447,87890,33872,18087,5783,1780659292,https://www.bilibili.com/video/BV1bV7k6LExn,http://i2.hdslb.com/bfs/archive/5df66240b2b71ca2bc6ce697e929657b1b1df5a4.jpg
2026-06-08,2026-06-08 11:09:22,36,BV1dY7Q6pEQZ,116701878291791,千里奔赴只为弥补40年前的遗憾,赛亚人阿廖,出行,生活,250,246,1081872,2081,1751,128488,33392,13239,458,1780729530,https://www.bilibili.com/video/BV1dY7Q6pEQZ,http://i0.hdslb.com/bfs/archive/5f9f719eb1fb6326b0a2eabe298cd1484afab3e6.jpg
2026-06-08,2026-06-08 11:09:22,37,BV1gWEw6gE4X,116691056987748,“这种没流量的画画最狠了”,像风如你o_O,日常,生活,21,25,2271634,686,3350,278706,7720,23914,1129,1780564358,https://www.bilibili.com/video/BV1gWEw6gE4X,http://i0.hdslb.com/bfs/archive/96621cf035234fbf3c3d6f498d6f4d5eae388c12.jpg
2026-06-08,2026-06-08 11:09:22,38,BV1vR7D6JEEm,116702566223209,全球吃席！自驾巴尔干婚礼，吃欧洲乡村大席,食贫道,日常,生活,21,3274,1150766,7883,1658,110590,41454,14482,3371,1780741089,https://www.bilibili.com/video/BV1vR7D6JEEm,http://i2.hdslb.com/bfs/archive/b23120503d27e3049c25e887901c19df17a98fe1.jpg
2026-06-08,2026-06-08 11:09:22,39,BV1GHEw6rEo4,116691140875979,无能的杰哥,神威-狗剩,影视剪辑,影视,183,154,2826928,1907,3859,138501,8444,25664,27941,1780565876,https://www.bilibili.com/video/BV1GHEw6rEo4,http://i2.hdslb.com/bfs/archive/0814d03bdf68a6a83cba4b8ba18fa6d58d6de912.jpg
2026-06-08,2026-06-08 11:09:22,40,BV1xkE46PE59,116707649656463,参加了九次高考的考生采访,自来卷三木,日常,生活,21,99,2928780,2054,2738,200820,5388,12006,5469,1780817665,https://www.bilibili.com/video/BV1xkE46PE59,http://i1.hdslb.com/bfs/archive/2c51e17d5ab278033691d055015af26638867e5b.jpg
2026-06-08,2026-06-08 11:09:22,41,BV1vEEP6HEFw,116692281789801,2025年出货量370万台！激光雷达真成“安全气囊”了？,保镖的车库,新能源车,新能源车,247,606,2243012,632,962,127670,3524,12455,494,1780653900,https://www.bilibili.com/video/BV1vEEP6HEFw,http://i1.hdslb.com/bfs/archive/76872e6b743f73527ee70c89a75c39214a868540.jpg
2026-06-08,2026-06-08 11:09:22,42,BV1kCVU65ERM,116669112386149,初中生斗胆跳一段jam,特崮斯,篮球,运动,235,45,6758018,10936,19119,1286792,211349,136587,20296,1780229707,https://www.bilibili.com/video/BV1kCVU65ERM,http://i1.hdslb.com/bfs/archive/5871a66dc8e356ff71da4a6d99d5922b4a6a3fce.jpg
2026-06-08,2026-06-08 11:09:22,43,BV19N7y6bE1e,116698455803490,全体起立鼓掌！人类发现了治癌症的新药！🤯,蜗牛的科技笔记,软件应用,软件应用,230,115,1527262,1306,7056,140950,5876,23625,9966,1780677279,https://www.bilibili.com/video/BV19N7y6bE1e,http://i2.hdslb.com/bfs/archive/3b5f57bbd2f68b33097261f34d0cbb700b9439ce.jpg
2026-06-08,2026-06-08 11:09:22,44,BV1LR7D6JEV7,116702566156828,Re：佩恩从零开始的异世界生活！！！【水门篇】,-夏秋冬-,综合,综合,27,416,1112487,1550,3701,76513,27321,22415,4580,1780740005,https://www.bilibili.com/video/BV1LR7D6JEV7,http://i0.hdslb.com/bfs/archive/bb4c488614d181445341190010ddfd29eae8cfb7.jpg
2026-06-08,2026-06-08 11:09:22,45,BV17q7y6qEeG,116697767874225,当代牢大学生论文现状belike：,黑曼波语录,鬼畜调教,鬼畜,22,78,1660088,256,1992,126032,4491,85726,9995,1780716900,https://www.bilibili.com/video/BV17q7y6qEeG,http://i2.hdslb.com/bfs/archive/a42866374c2dd87fd5093121386c1dd1372e10a6.jpg
2026-06-08,2026-06-08 11:09:22,46,BV1CQ7o61ERo,116689798764442,人，握爪后就不要放开咯！——《伊莫》握爪测试招募开启,伊莫,手机游戏,游戏,172,119,3464029,724,3436,80989,41072,40732,33746,1780797600,https://www.bilibili.com/video/BV1CQ7o61ERo,http://i0.hdslb.com/bfs/archive/06bcb84e42974283a3ade3bf6fbee2302b4b4d96.jpg
2026-06-08,2026-06-08 11:09:22,47,BV1tV7k6LEyH,116697264556028,你或许不认识我 但我唱的歌你或许？？听过？,喵☆酱,翻唱,音乐,31,443,598520,5753,2659,121536,8236,18067,1333,1780659262,https://www.bilibili.com/video/BV1tV7k6LEyH,http://i1.hdslb.com/bfs/archive/f27fa302b117dedb6f353c75770d440ca8982c33.jpg
2026-06-08,2026-06-08 11:09:22,48,BV1VD726iE1t,116698791282580,《猴王出事》,伤心欲茄222,搞笑,娱乐,138,103,2397975,1217,3695,168021,6744,8722,6049,1780718400,https://www.bilibili.com/video/BV1VD726iE1t,http://i1.hdslb.com/bfs/archive/2fa41f4d1af95817e553d8fd8c6eeb7fc16a9d82.jpg
2026-06-08,2026-06-08 11:09:22,49,BV1dq7Q6SEbX,116701827961912,最不吃压力之熊,传奇飞行员_太日阳莽,鬼畜剧场,鬼畜剧场,216,91,1766360,664,2759,141149,2570,32013,4474,1780728644,https://www.bilibili.com/video/BV1dq7Q6SEbX,http://i2.hdslb.com/bfs/archive/cdfe2d04e5d60dbd700833f920d17d40cebc2d39.jpg
2026-06-08,2026-06-08 11:09:22,50,BV13HEw6rEhc,116691140873202,接龙游戏开发，但都绷住了,M木糖M,单机游戏,游戏,17,933,1756979,1611,1115,85816,12435,16074,1467,1780630200,https://www.bilibili.com/video/BV13HEw6rEhc,http://i2.hdslb.com/bfs/archive/1083ae38f0917802668505e94ed2fe06226cc58b.jpg
2026-06-08,2026-06-08 11:09:22,51,BV1Jj7C6AEPq,116696845193451,是我还不够好,怎么转身又是,MMD·3D,动画,25,67,1852143,4719,7131,183888,9811,45042,28419,1780652794,https://www.bilibili.com/video/BV1Jj7C6AEPq,http://i0.hdslb.com/bfs/archive/c261bcb22b8b34b31c0d9cb2e04b0a49a318b123.jpg
2026-06-08,2026-06-08 11:09:22,52,BV1jz7k6tEkL,116696979347018,教程来啦兄弟们 拍起来,是柳宗元,电子竞技,游戏,171,46,2320310,195,931,176393,3044,26833,1426,1780654702,https://www.bilibili.com/video/BV1jz7k6tEkL,http://i0.hdslb.com/bfs/archive/becaa38ea9e7437bed18411340db6d5da7f4cd54.jpg
2026-06-08,2026-06-08 11:09:22,53,BV1yo7B68EHX,116695117207554,《鸣潮》×《赛博朋克：边缘行者》共鸣者战斗演示 | 露西,鸣潮,单机游戏,游戏,17,283,2291663,2481,8322,79125,24557,13875,15011,1780628400,https://www.bilibili.com/video/BV1yo7B68EHX,http://i2.hdslb.com/bfs/archive/61426f2876187b9326f1b732fdea7044e08d7ea3.jpg
2026-06-08,2026-06-08 11:09:22,54,BV1xZ7k6LESp,116696778084201,“哎呀 我们的主角倒下啦～”,西门小昭,综合,综合,27,30,796247,127,1175,151725,10820,60839,2784,1780655400,https://www.bilibili.com/video/BV1xZ7k6LESp,http://i2.hdslb.com/bfs/archive/2c5c6c548ed488771077293e2f7bfcfb435e4744.jpg
2026-06-08,2026-06-08 11:09:22,55,BV1Qt7X61Enn,116686241993999,百万英镑，但素质过低,青时晚,影视剪辑,影视,183,174,2530720,2107,2680,148267,12342,38108,15060,1780490956,https://www.bilibili.com/video/BV1Qt7X61Enn,http://i0.hdslb.com/bfs/archive/1573985b4950f4d1001b3a21a50adab722b0a0f1.jpg
2026-06-08,2026-06-08 11:09:22,56,BV1JJ7m62ELC,116700620065327,最直接的伤害往往只需采用最简单的普通攻击 #超能力 #万万没想到 #反转 #劲大,刘不凡本凡,短片,动画,256,364,2211795,2759,6178,123128,1844,14185,822,1780719600,https://www.bilibili.com/video/BV1JJ7m62ELC,http://i1.hdslb.com/bfs/archive/1b35b982075822d704a03ec34c21632ebcfa9044.jpg
2026-06-08,2026-06-08 11:09:22,57,BV15z766SE1A,116696341812776,假如高考什么都可以带,小安苒AIGC,校园学习,知识,208,177,2396291,2942,2761,101878,2385,7976,1928,1780646400,https://www.bilibili.com/video/BV15z766SE1A,http://i2.hdslb.com/bfs/archive/ed743a6a86446310a9957bce92faa671a082a6d8.jpg
2026-06-08,2026-06-08 11:09:22,58,BV1EwEF62EhA,116690721443492,当校长挑选教室地板时,Cheems电玩屋,日常,生活,21,18,5176663,846,5099,209039,1265,7903,521,1780559484,https://www.bilibili.com/video/BV1EwEF62EhA,http://i0.hdslb.com/bfs/archive/8916553504d48aec3ba5ad2bdfeec5fcf7eefc1c.jpg
2026-06-08,2026-06-08 11:09:22,59,BV1YVEn6fEmZ,116703304356999,那天真有其他人在场，但我没法证明。,何大爷课堂,人文历史,知识,228,123,1746658,341,2564,137015,3180,12222,1037,1780751375,https://www.bilibili.com/video/BV1YVEn6fEmZ,http://i1.hdslb.com/bfs/archive/36a36b65d7a5cdced8c027e2371074acb5dd204b.jpg
2026-06-08,2026-06-08 11:09:22,60,BV1Zj7C6wEJY,116696845125445,织棉为布，非遗土布。用千年蓝染，重现极致的东方浪漫,花木紫Huamuz,手工,生活,161,401,1209252,1728,2609,97874,9197,9790,738,1780652882,https://www.bilibili.com/video/BV1Zj7C6wEJY,http://i0.hdslb.com/bfs/archive/753a39454d2f1455af84effb021941e20ad4c2c7.jpg
2026-06-08,2026-06-08 11:09:22,61,BV15W7C6tEyc,116696425766532,送你一片夕阳！,困雀雀,仿妆cos,时尚,252,36,583655,148,2343,170264,9170,30948,2707,1780646468,https://www.bilibili.com/video/BV15W7C6tEyc,http://i2.hdslb.com/bfs/archive/86973af2078693bfe5fc81d4dae783648e7fb904.jpg
2026-06-08,2026-06-08 11:09:22,62,BV17z7y6KEVT,116697751096214,可爱的安魂曲~,徐大花xudahua,手工,生活,161,158,1502011,373,1435,101770,6728,14549,2390,1780718400,https://www.bilibili.com/video/BV17z7y6KEVT,http://i2.hdslb.com/bfs/archive/2fbc38542399965a708c159f85533b4f5065fe8c.jpg
2026-06-08,2026-06-08 11:09:22,63,BV1Xa7m6qEm7,116700217347938,意识深渊：我真的存在吗？,大圆镜科普,科学科普,知识,201,484,934003,1341,2129,86480,3142,16594,1512,1780704207,https://www.bilibili.com/video/BV1Xa7m6qEm7,http://i1.hdslb.com/bfs/archive/2d760490c4cfbae1c3b9168320f075ace66ad15a.jpg
2026-06-08,2026-06-08 11:09:22,64,BV1uX7k6UEPn,116696761239539,把硬装的喊过来！,脱缰凯Kk,小剧场,娱乐,85,219,1349887,1651,1687,98812,3396,10316,697,1780651876,https://www.bilibili.com/video/BV1uX7k6UEPn,http://i1.hdslb.com/bfs/archive/1a5306b127f7814fe75bc726966f0f675fcb7e33.jpg
2026-06-08,2026-06-08 11:09:22,65,BV1yk7X6KEz4,116686023891513,2高中生屠杀同学，造成13人死亡后自杀，开启美国校园枪击案先河：科伦拜恩枪击案,捕月说,人文历史,知识,228,733,2346825,973,886,79668,1052,11315,502,1780654200,https://www.bilibili.com/video/BV1yk7X6KEz4,http://i2.hdslb.com/bfs/archive/b52e8d555de710438989ea0831c1fa8211fbe67d.jpg
2026-06-08,2026-06-08 11:09:22,66,BV1JAEw69EUS,116691342200777,生完宝宝之后我再也不敢得罪我老公了，因为……,笑哥走丢了a,亲子,生活,254,89,2419954,923,7573,184807,3573,9432,2117,1780568869,https://www.bilibili.com/video/BV1JAEw69EUS,http://i2.hdslb.com/bfs/archive/2496ecbfca22198efdffe5b1855ea840b90edb2a.jpg
2026-06-08,2026-06-08 11:09:22,67,BV1R7Ew65ERR,116691124229360,当爸爸找亲戚买手机,刘鸿哥哥,小剧场,娱乐,85,119,2468629,1009,3156,167522,1522,9024,1814,1780565630,https://www.bilibili.com/video/BV1R7Ew65ERR,http://i0.hdslb.com/bfs/archive/5e4feb10a7cf9e178bf7e9a619d62843bc5ae8b2.jpg
2026-06-08,2026-06-08 11:09:22,68,BV1W6VZ6MEbd,116674313328609,🍄欠揍气球🍄,纸片马力欧,日常,生活,21,40,4701455,6976,10892,537271,43126,285166,81032,1780309043,https://www.bilibili.com/video/BV1W6VZ6MEbd,http://i0.hdslb.com/bfs/archive/3d18bae01c4fc365d9e7e0ede5efb926e32115ad.jpg
2026-06-08,2026-06-08 11:09:22,69,BV1YV7U6zEps,116699697254319,小登VS老登,灼眼的SABER哒,同人·手书,动画,47,63,994782,468,2564,127305,11094,42694,10289,1780718400,https://www.bilibili.com/video/BV1YV7U6zEps,http://i0.hdslb.com/bfs/archive/dce2758cd8546e893008888b88f215364194d4a7.jpg
2026-06-08,2026-06-08 11:09:22,70,BV15d7D6UE4i,116702549379788,世界杯期间不抓移民？那这世界杯不是白办了吗,麻薯波比呀,社科·法律·心理,知识,124,995,1488743,6713,3134,85201,12299,9495,2079,1780740025,https://www.bilibili.com/video/BV15d7D6UE4i,http://i2.hdslb.com/bfs/archive/91940674117acf43b95f7a6e2e7ab686470cc3ea.jpg
2026-06-08,2026-06-08 11:09:22,71,BV1TK7S6PESt,116701341420908,全记录！菲律宾防长躲避中方记者进后厨内幕,玉渊谭天,科学科普,知识,201,466,706804,5134,4394,78635,25088,8786,2000,1780729200,https://www.bilibili.com/video/BV1TK7S6PESt,http://i0.hdslb.com/bfs/archive/4f11eda2d2c34ea69bc20938c15ebcc0e4b3affc.jpg
2026-06-08,2026-06-08 11:09:22,72,BV1q1Vy64EqA,116682450274928,给朋友做的一本翻翻乐,花颜和鸣,日常,生活,21,70,681574,1034,2657,160631,13575,22023,1052,1780589700,https://www.bilibili.com/video/BV1q1Vy64EqA,http://i0.hdslb.com/bfs/archive/b6ed86d5a0591cf027f6b65a4770f1c9656617d7.jpg
2026-06-08,2026-06-08 11:09:22,73,BV1yc7r6vE1C,116695905734805,关于我18岁为什么不去参加高考,我不是赤寒,日常,生活,21,126,1152629,1516,6404,127974,6875,13821,1804,1780638439,https://www.bilibili.com/video/BV1yc7r6vE1C,http://i1.hdslb.com/bfs/archive/294ac25c415d3dcaf5c46bbc02fb5df23da86784.jpg
2026-06-08,2026-06-08 11:09:22,74,BV1bd7k62Epb,116696794863371,LV6有啥用?一个视频看懂LV6所有特权功能,威尔斯耍流氓,搞笑,娱乐,138,193,580278,8764,15715,54166,32917,7144,3711,1780652357,https://www.bilibili.com/video/BV1bd7k62Epb,http://i1.hdslb.com/bfs/archive/96eeed5029dce27d3f6ea0160d4ade58d6afb34e.jpg
2026-06-08,2026-06-08 11:09:22,75,BV1Bm7U6jEDZ,116701542815709,《爱，你》,是许木木啊,日常,生活,21,1043,887835,5345,4236,92715,11787,22742,1613,1780738200,https://www.bilibili.com/video/BV1Bm7U6jEDZ,http://i0.hdslb.com/bfs/archive/fd7de4f643c70f1117b5d4f7ef9d1878ffc094bd.jpg
2026-06-08,2026-06-08 11:09:22,76,BV1kv7262EyU,116698623578210,公司给粉丝安排了30万的水上宫殿...,飓多多StormCrew,日常,生活,21,852,1556270,3542,2369,79863,18756,16441,1886,1780714800,https://www.bilibili.com/video/BV1kv7262EyU,http://i2.hdslb.com/bfs/archive/a59944bd6ce91c0bbc28d8c8b560e8b73c31e976.jpg
2026-06-08,2026-06-08 11:09:22,77,BV1787S6mEV8,116701073053928,这里藏着一群“伪人”,摸鱼佬临风,鬼畜剧场,鬼畜剧场,216,354,379140,427,808,82568,5606,26602,1060,1780717427,https://www.bilibili.com/video/BV1787S6mEV8,http://i2.hdslb.com/bfs/archive/d2a4fc8b8017160bc03e17f14d6fbedd690059c1.jpg
2026-06-08,2026-06-08 11:09:22,78,BV19J7r6HESb,116695704274527,【抱佛脚】高考语文！选择题？最后一课！,学过石油的语文老师,校园学习,知识,208,1200,882775,37022,11370,41971,17091,20326,4085,1780660800,https://www.bilibili.com/video/BV19J7r6HESb,http://i0.hdslb.com/bfs/archive/f8d05a7621ff85694f1ddb7ac6c3c775b0e01965.jpg
2026-06-08,2026-06-08 11:09:22,79,BV1n17D6xEX2,116702331278408,这就是7JIA最强之人,杨齐家_,单机游戏,游戏,17,1221,2202067,5047,2339,106463,9372,15950,869,1780736508,https://www.bilibili.com/video/BV1n17D6xEX2,http://i1.hdslb.com/bfs/archive/63922fa2e9e8a18b95b8175a3bea61b0779794d1.jpg
2026-06-08,2026-06-08 11:09:22,80,BV1Vz766DE6S,116696342006745,“从来就没有什么意外 ”,DKM莫天行,GMV,GMV,121,142,905804,232,1696,105155,17256,33669,930,1780653600,https://www.bilibili.com/video/BV1Vz766DE6S,http://i1.hdslb.com/bfs/archive/ebae2236febce20da402b0789a87254a40b4e8b8.jpg
2026-06-08,2026-06-08 11:09:22,81,BV13c7S6qE5a,116701324648092,大哥豪刷10个爱神之箭！头开8个苹果全程揪心，接连翻车差点心态崩盘！,语格yoga,舞蹈综合,舞蹈综合,154,271,1442083,1954,3276,80870,9202,5827,2422,1780721492,https://www.bilibili.com/video/BV13c7S6qE5a,http://i1.hdslb.com/bfs/archive/e2af963c319aa3c1083f65f39306936b272010b5.jpg
2026-06-08,2026-06-08 11:09:22,82,BV1MtEF6fEga,116690436233152,全国男生统一迷惑行为,王小洋-已黑化,日常,生活,21,446,1145528,3419,2382,92845,2213,17503,2593,1780567200,https://www.bilibili.com/video/BV1MtEF6fEga,http://i1.hdslb.com/bfs/archive/696e0beeae3b0520b2aeae3a4aa24c0eeb689fcd.jpg
2026-06-08,2026-06-08 11:09:22,83,BV16DVz6UE77,116679229180052,如何拍出电影感大片,喜欢拍照的皮皮,日常,生活,21,60,4014666,369,2414,376423,13883,111339,9149,1780384052,https://www.bilibili.com/video/BV16DVz6UE77,http://i1.hdslb.com/bfs/archive/82ba23d6fb45244f769f8f127cfbe2f51afe67c8.jpg
2026-06-08,2026-06-08 11:09:22,84,BV1fV7C6PEC3,116696811571160,当我出提纳里时收到了植物学博士录取通知,乔落落啊,仿妆cos,时尚,252,27,767529,3536,2645,184034,4522,5350,561,1780652265,https://www.bilibili.com/video/BV1fV7C6PEC3,http://i1.hdslb.com/bfs/archive/a6bca5345beae937c7e2979d6d22be6cbdaa9f2e.jpg
2026-06-08,2026-06-08 11:09:22,85,BV1KG7S6FECF,116701274313735,小孩只是请男人吃了一块羊肉，男人转手就掏出一个900克的大金轮,懂一点人情世故,影视剪辑,影视,183,425,1408053,875,896,77241,901,8056,327,1780720244,https://www.bilibili.com/video/BV1KG7S6FECF,http://i2.hdslb.com/bfs/archive/7635c90a615f292f19e67c7de1d91e5c8a697033.jpg
2026-06-08,2026-06-08 11:09:22,86,BV16sEc6SEwE,116692030070649,班级里的某些努力姐belike：,不懂爱的喵,AI音乐,AI音乐,265,81,2379780,673,4826,137897,722,11057,4787,1780579469,https://www.bilibili.com/video/BV16sEc6SEwE,http://i2.hdslb.com/bfs/archive/711ed87052e442f67c408a6e4e372e876c02a3f0.jpg
2026-06-08,2026-06-08 11:09:22,87,BV1Vq7m6NEN8,116700368408896,【时代少年团】系列纪录片《光辉岁月》——“回南天”,时代少年团,明星综合,明星综合,137,13990,1270278,23718,3467,44248,12766,15244,1851,1780718400,https://www.bilibili.com/video/BV1Vq7m6NEN8,http://i2.hdslb.com/bfs/archive/bc281db3fee5c37911a273d2435afe8e9047405f.jpg
2026-06-08,2026-06-08 11:09:22,88,BV1jeEc6yE75,116691593992011,《你说谁错谁就错，因为你开迈巴赫》,嘞是唐孃孃,搞笑,娱乐,138,34,3213269,180,2001,241649,3491,16312,1317,1780572588,https://www.bilibili.com/video/BV1jeEc6yE75,http://i0.hdslb.com/bfs/archive/cc74080d84744d7622f9f9dd492a1583e00aaed7.jpg
2026-06-08,2026-06-08 11:09:22,89,BV16kV26TES7,116685470175022,当父母说出了正确答案：,进击的金厂长,搞笑,娱乐,138,129,6378191,2523,2583,420769,155467,199516,3525,1780479155,https://www.bilibili.com/video/BV16kV26TES7,http://i0.hdslb.com/bfs/archive/982b25c4ef21fb08f77ae933c89f4b99d5b0c86a.jpg
2026-06-08,2026-06-08 11:09:22,90,BV19J7r6HEV7,116695704276560,咕嘎吃掉了整个幼儿园的伙食,咕咕嘎画,搞笑,娱乐,138,46,1644544,149,1239,123791,6529,18708,3635,1780635229,https://www.bilibili.com/video/BV19J7r6HEV7,http://i0.hdslb.com/bfs/archive/6f27e7f3c76289f0fac5ed16261338d0a6c2d5f2.jpg
2026-06-08,2026-06-08 11:09:22,91,BV1ksEA6tEHn,116692801819881,挑战从上海走回深圳！1357公里我能成功吗?,拉宏桑,日常,生活,21,610,1180809,4233,2595,77995,8517,5043,2352,1780651200,https://www.bilibili.com/video/BV1ksEA6tEHn,http://i1.hdslb.com/bfs/archive/1a330af59312e3157e5eddc870a27205d9dfb031.jpg
2026-06-08,2026-06-08 11:09:22,92,BV1um7665EHP,116696325033953,谁是猜价超人？,小杨Johnson,搞笑,娱乐,138,621,2099118,1911,689,45625,11889,8910,658,1780650000,https://www.bilibili.com/video/BV1um7665EHP,http://i2.hdslb.com/bfs/archive/4a683ea3a122ada0dd88fb184da7439b6831fdfe.jpg
2026-06-08,2026-06-08 11:09:22,93,BV1BQ7r68Ejy,116695553280188,高考加油！！！,青柳尊哉,日常,生活,21,25,427749,5418,2792,164864,12708,12150,3515,1780650000,https://www.bilibili.com/video/BV1BQ7r68Ejy,http://i1.hdslb.com/bfs/archive/d2a9b7766bc4f672f01dd4b2805739df436bfc4b.jpg
2026-06-08,2026-06-08 11:09:22,94,BV1s47y65E4g,116698153752165,那年你写下了什么？复盘1977—2025年高考作文题【大国之治·高考作文题】,大象放映室,财经商业,知识,207,2306,1195219,2371,4652,32831,10978,25577,7070,1780801200,https://www.bilibili.com/video/BV1s47y65E4g,http://i1.hdslb.com/bfs/archive/e403ab5119fb220e6ae7654b859643b16dec3709.jpg
2026-06-08,2026-06-08 11:09:22,95,BV1aM7k6UELy,116697314890238,JO等了！介绍一下我的六个替身,曦曦鱼SAKANA,日常,生活,21,57,2111179,388,2164,132128,2860,11746,3799,1780660000,https://www.bilibili.com/video/BV1aM7k6UELy,http://i1.hdslb.com/bfs/archive/885aa33388ed27e0d72abdd95cd0e74a19046a67.jpg
2026-06-08,2026-06-08 11:09:22,96,BV1DB7f6AEBK,116690989942959,最 不 物 质 之 人,张八筒筒,日常,生活,21,127,2713916,944,963,171546,1625,9061,889,1780563943,https://www.bilibili.com/video/BV1DB7f6AEBK,http://i1.hdslb.com/bfs/archive/612e05a8e02454bd4e3723991d4808f061b1c188.jpg
2026-06-08,2026-06-08 11:09:22,97,BV1HL7m6JECt,116700670395936,霸总腌入味，王鹤棣太让人笑幻了……【不舒服学】逐帧分析,一只吐槽圆,娱乐杂谈,娱乐杂谈,241,1774,1385200,19516,4378,62028,24198,11041,11721,1780711190,https://www.bilibili.com/video/BV1HL7m6JECt,http://i0.hdslb.com/bfs/archive/cfe030cb9db76b0cad1dc763db5d7299bfd51ab9.jpg
2026-06-08,2026-06-08 11:09:22,98,BV12R7Q6MEJX,116686543914174,你说你有点难追～,未知艺术家_611,搞笑,娱乐,138,30,2885129,243,2063,257386,3181,27449,4036,1780495648,https://www.bilibili.com/video/BV12R7Q6MEJX,http://i2.hdslb.com/bfs/archive/aeaf33a25e079b26433a425ee56ac24f566861d7.jpg
2026-06-08,2026-06-08 11:09:22,99,BV1v5Ew6jEL1,116691493260833,128的烤冷面,小豪饿了-,美食侦探,美食,212,965,1471659,6749,3172,87547,1853,7230,5294,1780571512,https://www.bilibili.com/video/BV1v5Ew6jEL1,http://i2.hdslb.com/bfs/archive/cd4350a37a6b78560645427692b3c0f7f18fbb46.jpg
2026-06-08,2026-06-08 11:09:22,100,BV1di7Q6nEu4,116701777627095,兄弟们！今天带良子水上训练，你们觉得良子能坚持多久？,健身华哥,运动综合,运动,238,217,1490552,855,8203,76776,1906,3062,3051,1780728153,https://www.bilibili.com/video/BV1di7Q6nEu4,http://i1.hdslb.com/bfs/archive/48f8a7c3b0af6baea81d423375f3ea0e18e4a44d.jpg
2026-06-08,2026-06-08 12:09:22,1,BV15C7k6REKC,116697197451293,公测定档7月 | 《遗忘之海》船员集结摇滚MV「燥」,遗忘之海,GMV,GMV,121,205,7367933,1397,2607,131535,86260,84290,4846,1780711200,https://www.bilibili.com/video/BV15C7k6REKC,http://i0.hdslb.com/bfs/archive/bef8db958217ad42ed011f4bf5d5d6c1cf3a4bad.jpg
2026-06-08,2026-06-08 12:09:22,2,BV1cu7r6FEPd,116696023045705,英国，沦为印度殖民地,平原公子,日常,生活,21,463,3345608,13708,9523,216675,9853,23677,21591,1780640137,https://www.bilibili.com/video/BV1cu7r6FEPd,http://i1.hdslb.com/bfs/archive/95ba7fb80bc2a46fc2c8f7ff69a08c57c40ef914.jpg
2026-06-08,2026-06-08 12:09:22,3,BV1Uj7k6VEPU,116697432395968,信 |《归唐》19分钟完整实机演示,归唐,单机游戏,游戏,17,1167,7544861,21258,30418,130376,41561,26006,54438,1780791300,https://www.bilibili.com/video/BV1Uj7k6VEPU,http://i1.hdslb.com/bfs/archive/73972f02b3d2a52c97a1ec81e53403fef6160006.jpg
2026-06-08,2026-06-08 12:09:22,4,BV1WY7U6dEJ5,116699814693875,【微电影】人类文明的最后一届高考,最后讲述者,鬼畜剧场,鬼畜剧场,216,263,2189430,2948,6199,176378,21015,40523,9704,1780709400,https://www.bilibili.com/video/BV1WY7U6dEJ5,http://i2.hdslb.com/bfs/archive/40a717d48c3dbeb9559b00a07a88af6cfd5181fb.jpg
2026-06-08,2026-06-08 12:09:22,5,BV1rg7C6TEUm,116696912369911,一句“一氧化二氢”能钓出多少“读稿机”？,中国食品报融媒体,科学科普,知识,201,291,4732344,6593,21945,200556,15855,24574,16541,1780653928,https://www.bilibili.com/video/BV1rg7C6TEUm,http://i1.hdslb.com/bfs/archive/1081ed32a36e81bee443915a997ed5f2bd56badd.jpg
2026-06-08,2026-06-08 12:09:22,6,BV1wEEc6REms,116692097238799,城市大富翁（5）,雨哥到处跑,日常,生活,21,3846,1778107,39477,5225,152574,120628,40827,5182,1780628700,https://www.bilibili.com/video/BV1wEEc6REms,http://i1.hdslb.com/bfs/archive/8628e50dc2e56aec5815c8e3f665d304cfe23d80.jpg
2026-06-08,2026-06-08 12:09:22,7,BV1T9Vm6UE2N,116684681647760,《古剑》3分钟战斗实机 | 线下试玩招募开启,古剑,单机游戏,游戏,17,168,5151486,3585,10324,98733,56395,36155,23206,1780698215,https://www.bilibili.com/video/BV1T9Vm6UE2N,http://i0.hdslb.com/bfs/archive/d18a0e2a80905c1a2bfe0d000c3ca47aa1548899.jpg
2026-06-08,2026-06-08 12:09:22,8,BV17GEP6xEDW,116692348832614,新三国up锐评楚汉传奇01：是不是我打开的方式不太对？,吃蛋挞的折棒,影视杂谈,影视,182,1348,1608470,20374,11790,137625,131817,28739,10623,1780624800,https://www.bilibili.com/video/BV17GEP6xEDW,http://i2.hdslb.com/bfs/archive/4e5cd47c8551d2b66643e2800041b7ec2d3bf729.jpg
2026-06-08,2026-06-08 12:09:22,9,BV19ZEF6MEBV,116690117464228,人在干坏事的时候是不怕苦不怕累的,我是易拉爆,日常,生活,21,309,2181228,1484,4111,207658,15775,31315,15638,1780550100,https://www.bilibili.com/video/BV19ZEF6MEBV,http://i2.hdslb.com/bfs/archive/5a3e59dd5183e87d69b1ad3224466b821bf05e23.jpg
2026-06-08,2026-06-08 12:09:22,10,BV1xU7f6xEjt,116690939546284,CF单机叙事续作——《穿越火线：潜伏》实机首曝,穿越火线潜伏,单机游戏,游戏,17,308,6002543,1895,6235,130281,7465,26566,14786,1780696800,https://www.bilibili.com/video/BV1xU7f6xEjt,http://i0.hdslb.com/bfs/archive/140a4abb0c80a2aa1e7cb7126c978567b667ed12.jpg
2026-06-08,2026-06-08 12:09:22,11,BV15v7S65EWD,116701022717876,挑战给历史故事打tag（标签）,混饭达人,娱乐杂谈,娱乐杂谈,241,77,3229477,2959,2519,258408,6178,30385,15743,1780716510,https://www.bilibili.com/video/BV15v7S65EWD,http://i2.hdslb.com/bfs/archive/1845b193e356ee0f6b686419e20cc96fe1678367.jpg
2026-06-08,2026-06-08 12:09:22,12,BV16w7D6RERW,116700921988742,007看后:追逐战？,MEspace天植,绘画,绘画,162,49,2686139,268,1128,263507,25234,45661,2361,1780714922,https://www.bilibili.com/video/BV16w7D6RERW,http://i2.hdslb.com/bfs/archive/f35dab38094910739815ae6424bcceee9316f8f7.jpg
2026-06-08,2026-06-08 12:09:22,13,BV1df7r6REpB,116695469463690,如何在家制造浓汤宝,嘤武罗,日常,生活,21,501,4835984,3651,3392,188788,47577,46108,2858,1780650000,https://www.bilibili.com/video/BV1df7r6REpB,http://i2.hdslb.com/bfs/archive/94c85d2ebad9002fcbad0c7ef2f3c8a3f1ec6768.jpg
2026-06-08,2026-06-08 12:09:22,14,BV1xR7S6hEkB,116700804683368,菲比：就你们寝室最吵！！,Lm海洋,音乐综合,音乐,130,262,1147741,738,3905,91361,66383,40944,14339,1780713190,https://www.bilibili.com/video/BV1xR7S6hEkB,http://i1.hdslb.com/bfs/archive/348cd3608f962369b093721ee90e2515a127a833.jpg
2026-06-08,2026-06-08 12:09:22,15,BV1pDV86oE6S,116657217344637,热烈欢迎薛凯琪！工作之余，Fiona会带哪些让自己感到快乐的东西呢～（录完这期脑海里都是Fifi的笑声,papi酱,短片,动画,256,2017,1404747,11630,4927,139152,54665,17407,7820,1780632000,https://www.bilibili.com/video/BV1pDV86oE6S,http://i2.hdslb.com/bfs/archive/032f4048d6f94c465fc10972289999cf79f2572f.jpg
2026-06-08,2026-06-08 12:09:22,16,BV1PP7C63E2J,116696710912022,《师》我回母校当老师,阿廖沙别害怕_,搞笑,娱乐,138,296,1977281,532,1133,182623,5094,14407,643,1780650587,https://www.bilibili.com/video/BV1PP7C63E2J,http://i0.hdslb.com/bfs/archive/b04455fde128b88ff0a92e264778512242510bc9.jpg
2026-06-08,2026-06-08 12:09:22,17,BV1ZREP6dEcU,116693758117714,扫落叶全清洁100%速通39分03秒leaf it alone,闲云豹,单机游戏,游戏,17,2367,1615742,1783,2409,140437,14784,30481,5850,1780605809,https://www.bilibili.com/video/BV1ZREP6dEcU,http://i1.hdslb.com/bfs/archive/310db23466f62e9399f25f92c8d2b0af953476d6.jpg
2026-06-08,2026-06-08 12:09:22,18,BV1uXEA6gEMu,116692567070822,“别着急，我来给你补充「偶！像！能！量！」”,小耗owo,手机游戏,游戏,172,80,1227132,954,2597,241983,16960,54937,11251,1780624800,https://www.bilibili.com/video/BV1uXEA6gEMu,http://i1.hdslb.com/bfs/archive/64822f49e99e9fb8b41ba5e0f9e06f48d4b76446.jpg
2026-06-08,2026-06-08 12:09:22,19,BV1pW7Q68Emz,116702180348281,这期谁能绷住,呱唧菌,搞笑,娱乐,138,339,1637520,1965,1529,145011,7470,27296,2041,1780741800,https://www.bilibili.com/video/BV1pW7Q68Emz,http://i2.hdslb.com/bfs/archive/5ae6e1d11721490eb4a17034e97a4c36afdca5f0.jpg
2026-06-08,2026-06-08 12:09:22,20,BV1wE7m67EAF,116700569671653,“我在成华大道「拼接遗憾」”,Dieorite,人力VOCALOID,人力VOCALOID,126,116,699139,3047,1704,155449,33454,44335,2801,1780709690,https://www.bilibili.com/video/BV1wE7m67EAF,http://i1.hdslb.com/bfs/archive/b7a88bfce9322211ddb670d69d549967dba6591e.jpg
2026-06-08,2026-06-08 12:09:22,21,BV1uX7k6UENx,116696761239484,巨构：没有告别,巨构ai,网络游戏,游戏,65,19,3007169,6031,7703,478565,24780,161734,7387,1780651506,https://www.bilibili.com/video/BV1uX7k6UENx,http://i0.hdslb.com/bfs/archive/1422e60b2923b373953bd4ce6433b6f0e91f9501.jpg
2026-06-08,2026-06-08 12:09:22,22,BV168796PEv1,116685839403735,如此仙音唯有挠臭,lulu和露爸,喵星人,喵星人,218,26,5145054,18829,6164,642763,19019,125108,27386,1780484850,https://www.bilibili.com/video/BV168796PEv1,http://i1.hdslb.com/bfs/archive/87f3ce4876a2e50e34a2c1b24dfe10ae34700a55.jpg
2026-06-08,2026-06-08 12:09:22,23,BV1s7V46XEix,116655590017716,评论区摄影大赛之火遍全网的佳作篇，本期有锐评系列也有破败与新生佳作，欢迎投稿好的作品会让更多人看到。,摄影恩哥,日常,生活,21,124,5108757,1870,10119,321977,2586,24459,1029,1780738200,https://www.bilibili.com/video/BV1s7V46XEix,http://i1.hdslb.com/bfs/archive/58aada2ca9cd83b3f4d86b331759b2c832c8bcb4.jpg
2026-06-08,2026-06-08 12:09:22,24,BV15iEc6VEfH,116691577216788,路边一块，也能变废为宝，雕刻出大家想要的题材我不知道什么时候天才会亮，但我知道，跑着跑着，天就亮了。,小梨家的和田玉,手工,生活,161,220,6239871,4107,12190,237856,8367,22926,3909,1780572193,https://www.bilibili.com/video/BV15iEc6VEfH,http://i2.hdslb.com/bfs/archive/c1597efe82d66a7f728f8bdd84505eff4b7f5ac9.jpg
2026-06-08,2026-06-08 12:09:22,25,BV1gsEw6zExs,116691040208641,你的高考/中考/期末考belike,哈基mer-猫meme,搞笑,娱乐,138,22,954094,31280,2698,310499,32877,62503,5645,1780564012,https://www.bilibili.com/video/BV1gsEw6zExs,http://i2.hdslb.com/bfs/archive/4f76f8d127f1c6d5a990c89a161f10356e783cd4.jpg
2026-06-08,2026-06-08 12:09:22,26,BV1TR766zEvE,116695972714489,在沙漠里种了1800万棵树，然后呢？,影视飓风,娱乐粉丝创作,娱乐,242,756,3073618,10421,2940,156351,58714,26703,2778,1780650000,https://www.bilibili.com/video/BV1TR766zEvE,http://i1.hdslb.com/bfs/archive/af434541e40c0402ac850fc6783faa3ed5bfdda9.jpg
2026-06-08,2026-06-08 12:09:22,27,BV1WT7C6uEj8,116696878749194,猫 咪 的 花 语 是 老 吴🎵,幾加乘,同人·手书,动画,47,259,1710937,1694,3337,122224,18733,25752,11196,1780653131,https://www.bilibili.com/video/BV1WT7C6uEj8,http://i0.hdslb.com/bfs/archive/ad354ddb8c2e2bf697327dc182835b3d6014f4b1.jpg
2026-06-08,2026-06-08 12:09:22,28,BV1w6EF6QEjZ,116690033778619,不看后悔！史上最神人店家！,转生成为毛毛,美食侦探,美食,212,186,3532975,4106,9401,181206,5378,30642,15303,1780563600,https://www.bilibili.com/video/BV1w6EF6QEjZ,http://i1.hdslb.com/bfs/archive/07cb98d8f59285212c90c7646739a87803bf06c0.jpg
2026-06-08,2026-06-08 12:09:22,29,BV1Ja7k6AE1b,116697063235411,我又给花朵加了个开关！,是玉木呀,设计·创意,设计·创意,229,104,1068749,566,898,171683,19942,34917,3550,1780656042,https://www.bilibili.com/video/BV1Ja7k6AE1b,http://i0.hdslb.com/bfs/archive/c05470a618fc67ee60cb9df153eb5ad6d3c8ce08.jpg
2026-06-08,2026-06-08 12:09:22,30,BV1UV7k6LEUG,116697264627213,航天会刷典狱长？！【三角洲动画】,手折余弦丶,电子竞技,游戏,171,300,1312048,1453,1782,109749,12642,28286,3395,1780659017,https://www.bilibili.com/video/BV1UV7k6LEUG,http://i0.hdslb.com/bfs/archive/eb575db6391346950b2623259e6c0c6469239e03.jpg
2026-06-08,2026-06-08 12:09:22,31,BV1Qi7f6eE59,116690805395451,致敬每一个心中有花，努力奔跑的人,爱画画的子衿,亲子,生活,254,313,1757381,3490,3686,239636,121169,16086,3856,1780561800,https://www.bilibili.com/video/BV1Qi7f6eE59,http://i1.hdslb.com/bfs/archive/2c9cc3dd70d264a8473e46b8bebaad7db4d6ef2c.jpg
2026-06-08,2026-06-08 12:09:22,32,BV1hG7y69Ej2,116698036313694,史上最骚特工(第二集),老番茄,单机游戏,游戏,17,842,2334122,3306,1778,138311,45298,38700,2355,1780716600,https://www.bilibili.com/video/BV1hG7y69Ej2,http://i2.hdslb.com/bfs/archive/c4778bfde8d395e0f91e2f746393736302e8205c.jpg
2026-06-08,2026-06-08 12:09:22,33,BV1xkE46PE59,116707649656463,参加了九次高考的考生采访,自来卷三木,日常,生活,21,99,3123627,2251,2993,215188,5763,13148,6062,1780817665,https://www.bilibili.com/video/BV1xkE46PE59,http://i1.hdslb.com/bfs/archive/2c51e17d5ab278033691d055015af26638867e5b.jpg
2026-06-08,2026-06-08 12:09:22,34,BV1um7665EpW,116696325033820,讷,水生植物人owo,日常,生活,21,16,1351828,972,7573,196395,5246,51021,17982,1780644714,https://www.bilibili.com/video/BV1um7665EpW,http://i2.hdslb.com/bfs/archive/ce971f171b1f22d061819b3fea882f5d4af2a608.jpg
2026-06-08,2026-06-08 12:09:22,35,BV1bV7k6LExn,116697264560365,再见！一系列！高考必胜！,一数,校园学习,知识,208,193,938012,29987,15480,88154,33942,18123,5794,1780659292,https://www.bilibili.com/video/BV1bV7k6LExn,http://i2.hdslb.com/bfs/archive/5df66240b2b71ca2bc6ce697e929657b1b1df5a4.jpg
2026-06-08,2026-06-08 12:09:22,36,BV13s7z63EjV,116695016477738,《绝区零》3.0新地块实机演示,绝区零,手机游戏,游戏,172,599,1456788,9423,13697,126024,58848,22479,25027,1780624803,https://www.bilibili.com/video/BV13s7z63EjV,http://i0.hdslb.com/bfs/archive/ac132a13aed30f0b83ff50dfb56d83e2e518206a.jpg
2026-06-08,2026-06-08 12:09:22,37,BV1dY7Q6pEQZ,116701878291791,千里奔赴只为弥补40年前的遗憾,赛亚人阿廖,出行,生活,250,246,1094814,2102,1750,129880,33761,13443,463,1780729530,https://www.bilibili.com/video/BV1dY7Q6pEQZ,http://i0.hdslb.com/bfs/archive/5f9f719eb1fb6326b0a2eabe298cd1484afab3e6.jpg
2026-06-08,2026-06-08 12:09:22,38,BV1vEEP6HEFw,116692281789801,2025年出货量370万台！激光雷达真成“安全气囊”了？,保镖的车库,新能源车,新能源车,247,606,2243816,633,963,127689,3528,12458,494,1780653900,https://www.bilibili.com/video/BV1vEEP6HEFw,http://i1.hdslb.com/bfs/archive/76872e6b743f73527ee70c89a75c39214a868540.jpg
2026-06-08,2026-06-08 12:09:22,39,BV1vR7D6JEEm,116702566223209,全球吃席！自驾巴尔干婚礼，吃欧洲乡村大席,食贫道,日常,生活,21,3274,1170733,7968,1672,112342,42117,14635,3387,1780741089,https://www.bilibili.com/video/BV1vR7D6JEEm,http://i2.hdslb.com/bfs/archive/b23120503d27e3049c25e887901c19df17a98fe1.jpg
2026-06-08,2026-06-08 12:09:22,40,BV19N7y6bE1e,116698455803490,全体起立鼓掌！人类发现了治癌症的新药！🤯,蜗牛的科技笔记,软件应用,软件应用,230,115,1532919,1311,7081,141427,5907,23713,10010,1780677279,https://www.bilibili.com/video/BV19N7y6bE1e,http://i2.hdslb.com/bfs/archive/3b5f57bbd2f68b33097261f34d0cbb700b9439ce.jpg
2026-06-08,2026-06-08 12:09:22,41,BV1kCVU65ERM,116669112386149,初中生斗胆跳一段jam,特崮斯,篮球,运动,235,45,6770290,10992,19142,1288864,211745,136799,20337,1780229707,https://www.bilibili.com/video/BV1kCVU65ERM,http://i1.hdslb.com/bfs/archive/5871a66dc8e356ff71da4a6d99d5922b4a6a3fce.jpg
2026-06-08,2026-06-08 12:09:22,42,BV1gWEw6gE4X,116691056987748,“这种没流量的画画最狠了”,像风如你o_O,日常,生活,21,25,2273605,688,3350,278886,7741,23939,1132,1780564358,https://www.bilibili.com/video/BV1gWEw6gE4X,http://i0.hdslb.com/bfs/archive/96621cf035234fbf3c3d6f498d6f4d5eae388c12.jpg
2026-06-08,2026-06-08 12:09:22,43,BV1GHEw6rEo4,116691140875979,无能的杰哥,神威-狗剩,影视剪辑,影视,183,154,2829992,1912,3855,138680,8464,25707,27998,1780565876,https://www.bilibili.com/video/BV1GHEw6rEo4,http://i2.hdslb.com/bfs/archive/0814d03bdf68a6a83cba4b8ba18fa6d58d6de912.jpg
2026-06-08,2026-06-08 12:09:22,44,BV1LR7D6JEV7,116702566156828,Re：佩恩从零开始的异世界生活！！！【水门篇】,-夏秋冬-,综合,综合,27,416,1132727,1557,3747,77277,27652,22633,4653,1780740005,https://www.bilibili.com/video/BV1LR7D6JEV7,http://i0.hdslb.com/bfs/archive/bb4c488614d181445341190010ddfd29eae8cfb7.jpg
2026-06-08,2026-06-08 12:09:22,45,BV17q7y6qEeG,116697767874225,当代牢大学生论文现状belike：,黑曼波语录,鬼畜调教,鬼畜,22,78,1669018,257,2005,126950,4545,86447,10098,1780716900,https://www.bilibili.com/video/BV17q7y6qEeG,http://i2.hdslb.com/bfs/archive/a42866374c2dd87fd5093121386c1dd1372e10a6.jpg
2026-06-08,2026-06-08 12:09:22,46,BV1CQ7o61ERo,116689798764442,人，握爪后就不要放开咯！——《伊莫》握爪测试招募开启,伊莫,手机游戏,游戏,172,119,3614085,730,3571,81930,41115,40853,33852,1780797600,https://www.bilibili.com/video/BV1CQ7o61ERo,http://i0.hdslb.com/bfs/archive/06bcb84e42974283a3ade3bf6fbee2302b4b4d96.jpg
2026-06-08,2026-06-08 12:09:22,47,BV1dq7Q6SEbX,116701827961912,最不吃压力之熊,传奇飞行员_太日阳莽,鬼畜剧场,鬼畜剧场,216,91,1839335,674,2821,146468,2693,33029,4675,1780728644,https://www.bilibili.com/video/BV1dq7Q6SEbX,http://i2.hdslb.com/bfs/archive/cdfe2d04e5d60dbd700833f920d17d40cebc2d39.jpg
2026-06-08,2026-06-08 12:09:22,48,BV1tV7k6LEyH,116697264556028,你或许不认识我 但我唱的歌你或许？？听过？,喵☆酱,翻唱,音乐,31,443,602435,5785,2676,122116,8281,18238,1337,1780659262,https://www.bilibili.com/video/BV1tV7k6LEyH,http://i1.hdslb.com/bfs/archive/f27fa302b117dedb6f353c75770d440ca8982c33.jpg
2026-06-08,2026-06-08 12:09:22,49,BV1VD726iE1t,116698791282580,《猴王出事》,伤心欲茄222,搞笑,娱乐,138,103,2417082,1219,3715,168996,6777,8780,6098,1780718400,https://www.bilibili.com/video/BV1VD726iE1t,http://i1.hdslb.com/bfs/archive/2fa41f4d1af95817e553d8fd8c6eeb7fc16a9d82.jpg
2026-06-08,2026-06-08 12:09:22,50,BV13HEw6rEhc,116691140873202,接龙游戏开发，但都绷住了,M木糖M,单机游戏,游戏,17,933,1777685,1620,1124,86434,12516,16186,1481,1780630200,https://www.bilibili.com/video/BV13HEw6rEhc,http://i2.hdslb.com/bfs/archive/1083ae38f0917802668505e94ed2fe06226cc58b.jpg
2026-06-08,2026-06-08 12:09:22,51,BV1JJ7m62ELC,116700620065327,最直接的伤害往往只需采用最简单的普通攻击 #超能力 #万万没想到 #反转 #劲大,刘不凡本凡,短片,动画,256,364,2277119,2838,6361,127190,1921,14564,853,1780719600,https://www.bilibili.com/video/BV1JJ7m62ELC,http://i1.hdslb.com/bfs/archive/1b35b982075822d704a03ec34c21632ebcfa9044.jpg
2026-06-08,2026-06-08 12:09:22,52,BV1Jj7C6AEPq,116696845193451,是我还不够好,怎么转身又是,MMD·3D,动画,25,67,1873173,4781,7197,185416,9949,45508,28787,1780652794,https://www.bilibili.com/video/BV1Jj7C6AEPq,http://i0.hdslb.com/bfs/archive/c261bcb22b8b34b31c0d9cb2e04b0a49a318b123.jpg
2026-06-08,2026-06-08 12:09:22,53,BV1jz7k6tEkL,116696979347018,教程来啦兄弟们 拍起来,是柳宗元,电子竞技,游戏,171,46,2327840,195,937,177024,3059,26923,1430,1780654702,https://www.bilibili.com/video/BV1jz7k6tEkL,http://i0.hdslb.com/bfs/archive/becaa38ea9e7437bed18411340db6d5da7f4cd54.jpg
2026-06-08,2026-06-08 12:09:22,54,BV1xZ7k6LESp,116696778084201,“哎呀 我们的主角倒下啦～”,西门小昭,综合,综合,27,30,801630,128,1180,152719,10906,61192,2804,1780655400,https://www.bilibili.com/video/BV1xZ7k6LESp,http://i2.hdslb.com/bfs/archive/2c5c6c548ed488771077293e2f7bfcfb435e4744.jpg
2026-06-08,2026-06-08 12:09:22,55,BV1Qt7X61Enn,116686241993999,百万英镑，但素质过低,青时晚,影视剪辑,影视,183,174,2561966,2116,2711,149486,12507,38492,15237,1780490956,https://www.bilibili.com/video/BV1Qt7X61Enn,http://i0.hdslb.com/bfs/archive/1573985b4950f4d1001b3a21a50adab722b0a0f1.jpg
2026-06-08,2026-06-08 12:09:22,56,BV1FV7C6NECz,116696811574425,《鸣潮》×《赛博朋克：边缘行者》特别对谈,鸣潮,搞笑,娱乐,138,1763,699515,10137,12175,62700,33863,12009,13946,1780653600,https://www.bilibili.com/video/BV1FV7C6NECz,http://i0.hdslb.com/bfs/archive/27fb7525094384a11b11552c91c8525f59087c80.jpg
2026-06-08,2026-06-08 12:09:22,57,BV15z766SE1A,116696341812776,假如高考什么都可以带,小安苒AIGC,校园学习,知识,208,177,2398918,2947,2768,101994,2390,7996,1932,1780646400,https://www.bilibili.com/video/BV15z766SE1A,http://i2.hdslb.com/bfs/archive/ed743a6a86446310a9957bce92faa671a082a6d8.jpg
2026-06-08,2026-06-08 12:09:22,58,BV1YVEn6fEmZ,116703304356999,那天真有其他人在场，但我没法证明。,何大爷课堂,人文历史,知识,228,123,1792798,350,2654,140699,3273,12531,1073,1780751375,https://www.bilibili.com/video/BV1YVEn6fEmZ,http://i1.hdslb.com/bfs/archive/36a36b65d7a5cdced8c027e2371074acb5dd204b.jpg
2026-06-08,2026-06-08 12:09:22,59,BV1EwEF62EhA,116690721443492,当校长挑选教室地板时,Cheems电玩屋,日常,生活,21,18,5197554,848,5113,209944,1269,7933,522,1780559484,https://www.bilibili.com/video/BV1EwEF62EhA,http://i0.hdslb.com/bfs/archive/8916553504d48aec3ba5ad2bdfeec5fcf7eefc1c.jpg
2026-06-08,2026-06-08 12:09:22,60,BV1Zj7C6wEJY,116696845125445,织棉为布，非遗土布。用千年蓝染，重现极致的东方浪漫,花木紫Huamuz,手工,生活,161,401,1212395,1731,2615,98166,9214,9825,740,1780652882,https://www.bilibili.com/video/BV1Zj7C6wEJY,http://i0.hdslb.com/bfs/archive/753a39454d2f1455af84effb021941e20ad4c2c7.jpg
2026-06-08,2026-06-08 12:09:22,61,BV15W7C6tEyc,116696425766532,送你一片夕阳！,困雀雀,仿妆cos,时尚,252,36,585878,150,2347,170725,9193,31035,2713,1780646468,https://www.bilibili.com/video/BV15W7C6tEyc,http://i2.hdslb.com/bfs/archive/86973af2078693bfe5fc81d4dae783648e7fb904.jpg
2026-06-08,2026-06-08 12:09:22,62,BV17z7y6KEVT,116697751096214,可爱的安魂曲~,徐大花xudahua,手工,生活,161,158,1526720,380,1445,103120,6860,14820,2435,1780718400,https://www.bilibili.com/video/BV17z7y6KEVT,http://i2.hdslb.com/bfs/archive/2fbc38542399965a708c159f85533b4f5065fe8c.jpg
2026-06-08,2026-06-08 12:09:22,63,BV1Xa7m6qEm7,116700217347938,意识深渊：我真的存在吗？,大圆镜科普,科学科普,知识,201,484,940175,1352,2140,87047,3170,16698,1529,1780704207,https://www.bilibili.com/video/BV1Xa7m6qEm7,http://i1.hdslb.com/bfs/archive/2d760490c4cfbae1c3b9168320f075ace66ad15a.jpg
2026-06-08,2026-06-08 12:09:22,64,BV1uX7k6UEPn,116696761239539,把硬装的喊过来！,脱缰凯Kk,小剧场,娱乐,85,219,1356192,1651,1689,99176,3404,10349,697,1780651876,https://www.bilibili.com/video/BV1uX7k6UEPn,http://i1.hdslb.com/bfs/archive/1a5306b127f7814fe75bc726966f0f675fcb7e33.jpg
2026-06-08,2026-06-08 12:09:22,65,BV1yk7X6KEz4,116686023891513,2高中生屠杀同学，造成13人死亡后自杀，开启美国校园枪击案先河：科伦拜恩枪击案,捕月说,人文历史,知识,228,733,2374774,1001,904,80418,1088,11428,517,1780654200,https://www.bilibili.com/video/BV1yk7X6KEz4,http://i2.hdslb.com/bfs/archive/b52e8d555de710438989ea0831c1fa8211fbe67d.jpg
2026-06-08,2026-06-08 12:09:22,66,BV1JAEw69EUS,116691342200777,生完宝宝之后我再也不敢得罪我老公了，因为……,笑哥走丢了a,亲子,生活,254,89,2427805,927,7599,185266,3590,9473,2127,1780568869,https://www.bilibili.com/video/BV1JAEw69EUS,http://i2.hdslb.com/bfs/archive/2496ecbfca22198efdffe5b1855ea840b90edb2a.jpg
2026-06-08,2026-06-08 12:09:22,67,BV1W6VZ6MEbd,116674313328609,🍄欠揍气球🍄,纸片马力欧,日常,生活,21,40,4717182,7020,10921,538644,43288,285792,81229,1780309043,https://www.bilibili.com/video/BV1W6VZ6MEbd,http://i0.hdslb.com/bfs/archive/3d18bae01c4fc365d9e7e0ede5efb926e32115ad.jpg
2026-06-08,2026-06-08 12:09:22,68,BV1R7Ew65ERR,116691124229360,当爸爸找亲戚买手机,刘鸿哥哥,小剧场,娱乐,85,119,2477804,1013,3176,168321,1532,9071,1825,1780565630,https://www.bilibili.com/video/BV1R7Ew65ERR,http://i0.hdslb.com/bfs/archive/5e4feb10a7cf9e178bf7e9a619d62843bc5ae8b2.jpg
2026-06-08,2026-06-08 12:09:22,69,BV15d7D6UE4i,116702549379788,世界杯期间不抓移民？那这世界杯不是白办了吗,麻薯波比呀,社科·法律·心理,知识,124,995,1535075,6813,3178,86663,12594,9629,2123,1780740025,https://www.bilibili.com/video/BV15d7D6UE4i,http://i2.hdslb.com/bfs/archive/91940674117acf43b95f7a6e2e7ab686470cc3ea.jpg
2026-06-08,2026-06-08 12:09:22,70,BV1YV7U6zEps,116699697254319,小登VS老登,灼眼的SABER哒,同人·手书,动画,47,63,1000372,469,2572,127857,11162,42875,10339,1780718400,https://www.bilibili.com/video/BV1YV7U6zEps,http://i0.hdslb.com/bfs/archive/dce2758cd8546e893008888b88f215364194d4a7.jpg
2026-06-08,2026-06-08 12:09:22,71,BV1bd7k62Epb,116696794863371,LV6有啥用?一个视频看懂LV6所有特权功能,威尔斯耍流氓,搞笑,娱乐,138,193,601490,9098,16283,56094,34015,7391,3840,1780652357,https://www.bilibili.com/video/BV1bd7k62Epb,http://i1.hdslb.com/bfs/archive/96eeed5029dce27d3f6ea0160d4ade58d6afb34e.jpg
2026-06-08,2026-06-08 12:09:22,72,BV1TK7S6PESt,116701341420908,日菲台岛东部“划界”，我们和两国防长现场对线！,玉渊谭天,科学科普,知识,201,466,717530,5198,4412,79534,25432,8877,2029,1780729200,https://www.bilibili.com/video/BV1TK7S6PESt,http://i0.hdslb.com/bfs/archive/4f11eda2d2c34ea69bc20938c15ebcc0e4b3affc.jpg
2026-06-08,2026-06-08 12:09:22,73,BV1q1Vy64EqA,116682450274928,给朋友做的一本翻翻乐,花颜和鸣,日常,生活,21,70,691259,1044,2689,162470,13795,22458,1067,1780589700,https://www.bilibili.com/video/BV1q1Vy64EqA,http://i0.hdslb.com/bfs/archive/b6ed86d5a0591cf027f6b65a4770f1c9656617d7.jpg
2026-06-08,2026-06-08 12:09:22,74,BV1yc7r6vE1C,116695905734805,关于我18岁为什么不去参加高考,我不是赤寒,日常,生活,21,126,1156438,1522,6413,128360,6898,13867,1806,1780638439,https://www.bilibili.com/video/BV1yc7r6vE1C,http://i1.hdslb.com/bfs/archive/294ac25c415d3dcaf5c46bbc02fb5df23da86784.jpg
2026-06-08,2026-06-08 12:09:22,75,BV1Bm7U6jEDZ,116701542815709,《爱，你》,是许木木啊,日常,生活,21,1043,896662,5385,4247,93368,11871,22857,1622,1780738200,https://www.bilibili.com/video/BV1Bm7U6jEDZ,http://i0.hdslb.com/bfs/archive/fd7de4f643c70f1117b5d4f7ef9d1878ffc094bd.jpg
2026-06-08,2026-06-08 12:09:22,76,BV1kv7262EyU,116698623578210,公司给粉丝安排了30万的水上宫殿...,飓多多StormCrew,日常,生活,21,852,1565056,3557,2377,80279,18941,16521,1900,1780714800,https://www.bilibili.com/video/BV1kv7262EyU,http://i2.hdslb.com/bfs/archive/a59944bd6ce91c0bbc28d8c8b560e8b73c31e976.jpg
2026-06-08,2026-06-08 12:09:22,77,BV1787S6mEV8,116701073053928,这里藏着一群“伪人”,摸鱼佬临风,鬼畜剧场,鬼畜剧场,216,354,385842,433,817,82855,5646,26730,1069,1780717427,https://www.bilibili.com/video/BV1787S6mEV8,http://i2.hdslb.com/bfs/archive/d2a4fc8b8017160bc03e17f14d6fbedd690059c1.jpg
2026-06-08,2026-06-08 12:09:22,78,BV19J7r6HESb,116695704274527,【抱佛脚】高考语文！选择题？最后一课！,学过石油的语文老师,校园学习,知识,208,1200,883450,37026,11374,41975,17094,20313,4086,1780660800,https://www.bilibili.com/video/BV19J7r6HESb,http://i0.hdslb.com/bfs/archive/f8d05a7621ff85694f1ddb7ac6c3c775b0e01965.jpg
2026-06-08,2026-06-08 12:09:22,79,BV1n17D6xEX2,116702331278408,这就是7JIA最强之人,杨齐家_,单机游戏,游戏,17,1221,2232969,5064,2350,107485,9451,16104,881,1780736508,https://www.bilibili.com/video/BV1n17D6xEX2,http://i1.hdslb.com/bfs/archive/63922fa2e9e8a18b95b8175a3bea61b0779794d1.jpg
2026-06-08,2026-06-08 12:09:22,80,BV1Vz766DE6S,116696342006745,“从来就没有什么意外 ”,DKM莫天行,GMV,GMV,121,142,922789,232,1706,106286,17511,34396,947,1780653600,https://www.bilibili.com/video/BV1Vz766DE6S,http://i1.hdslb.com/bfs/archive/ebae2236febce20da402b0789a87254a40b4e8b8.jpg
2026-06-08,2026-06-08 12:09:22,81,BV13c7S6qE5a,116701324648092,大哥豪刷10个爱神之箭！头开8个苹果全程揪心，接连翻车差点心态崩盘！,语格yoga,舞蹈综合,舞蹈综合,154,271,1460270,1981,3317,81795,9318,5911,2463,1780721492,https://www.bilibili.com/video/BV13c7S6qE5a,http://i1.hdslb.com/bfs/archive/e2af963c319aa3c1083f65f39306936b272010b5.jpg
2026-06-08,2026-06-08 12:09:22,82,BV1MtEF6fEga,116690436233152,全国男生统一迷惑行为,王小洋-已黑化,日常,生活,21,446,1149471,3435,2391,93078,2221,17544,2601,1780567200,https://www.bilibili.com/video/BV1MtEF6fEga,http://i1.hdslb.com/bfs/archive/696e0beeae3b0520b2aeae3a4aa24c0eeb689fcd.jpg
2026-06-08,2026-06-08 12:09:22,83,BV1KG7S6FECF,116701274313735,小孩只是请男人吃了一块羊肉，男人转手就掏出一个900克的大金轮,懂一点人情世故,影视剪辑,影视,183,425,1431775,889,923,78125,935,8165,334,1780720244,https://www.bilibili.com/video/BV1KG7S6FECF,http://i2.hdslb.com/bfs/archive/7635c90a615f292f19e67c7de1d91e5c8a697033.jpg
2026-06-08,2026-06-08 12:09:22,84,BV1fV7C6PEC3,116696811571160,当我出提纳里时收到了植物学博士录取通知,乔落落啊,仿妆cos,时尚,252,27,773276,3567,2660,185132,4583,5388,564,1780652265,https://www.bilibili.com/video/BV1fV7C6PEC3,http://i1.hdslb.com/bfs/archive/a6bca5345beae937c7e2979d6d22be6cbdaa9f2e.jpg
2026-06-08,2026-06-08 12:09:22,85,BV1Vq7m6NEN8,116700368408896,【时代少年团】系列纪录片《光辉岁月》——“回南天”,时代少年团,明星综合,明星综合,137,13990,1285661,24953,3476,44507,12846,15332,1858,1780718400,https://www.bilibili.com/video/BV1Vq7m6NEN8,http://i2.hdslb.com/bfs/archive/bc281db3fee5c37911a273d2435afe8e9047405f.jpg
2026-06-08,2026-06-08 12:09:22,86,BV16DVz6UE77,116679229180052,如何拍出电影感大片,喜欢拍照的皮皮,日常,生活,21,60,4019316,369,2417,377009,13908,111517,9158,1780384052,https://www.bilibili.com/video/BV16DVz6UE77,http://i1.hdslb.com/bfs/archive/82ba23d6fb45244f769f8f127cfbe2f51afe67c8.jpg
2026-06-08,2026-06-08 12:09:22,87,BV19J7r6HEV7,116695704276560,咕嘎吃掉了整个幼儿园的伙食,咕咕嘎画,搞笑,娱乐,138,46,1649587,149,1243,124267,6565,18780,3645,1780635229,https://www.bilibili.com/video/BV19J7r6HEV7,http://i0.hdslb.com/bfs/archive/6f27e7f3c76289f0fac5ed16261338d0a6c2d5f2.jpg
2026-06-08,2026-06-08 12:09:22,88,BV1ksEA6tEHn,116692801819881,挑战从上海走回深圳！1357公里我能成功吗?,拉宏桑,日常,生活,21,610,1187423,4245,2613,78382,8570,5069,2371,1780651200,https://www.bilibili.com/video/BV1ksEA6tEHn,http://i1.hdslb.com/bfs/archive/1a330af59312e3157e5eddc870a27205d9dfb031.jpg
2026-06-08,2026-06-08 12:09:22,89,BV1um7665EHP,116696325033953,谁是猜价超人？,小杨Johnson,搞笑,娱乐,138,621,2102935,1917,693,45798,11940,8917,659,1780650000,https://www.bilibili.com/video/BV1um7665EHP,http://i2.hdslb.com/bfs/archive/4a683ea3a122ada0dd88fb184da7439b6831fdfe.jpg
2026-06-08,2026-06-08 12:09:22,90,BV1BQ7r68Ejy,116695553280188,高考加油！！！,青柳尊哉,日常,生活,21,25,428530,5433,2792,165153,12746,12179,3520,1780650000,https://www.bilibili.com/video/BV1BQ7r68Ejy,http://i1.hdslb.com/bfs/archive/d2a9b7766bc4f672f01dd4b2805739df436bfc4b.jpg
2026-06-08,2026-06-08 12:09:22,91,BV16sEc6SEwE,116692030070649,班级里的某些努力姐belike：,不懂爱的喵,AI音乐,AI音乐,265,81,2395611,678,4856,138468,726,11145,4818,1780579469,https://www.bilibili.com/video/BV16sEc6SEwE,http://i2.hdslb.com/bfs/archive/711ed87052e442f67c408a6e4e372e876c02a3f0.jpg
2026-06-08,2026-06-08 12:09:22,92,BV16kV26TES7,116685470175022,当父母说出了正确答案：,进击的金厂长,搞笑,娱乐,138,129,6397589,2528,2590,422048,155944,200127,3545,1780479155,https://www.bilibili.com/video/BV16kV26TES7,http://i0.hdslb.com/bfs/archive/982b25c4ef21fb08f77ae933c89f4b99d5b0c86a.jpg
2026-06-08,2026-06-08 12:09:22,93,BV1s47y65E4g,116698153752165,那年你写下了什么？复盘1977—2025年高考作文题【大国之治·高考作文题】,大象放映室,财经商业,知识,207,2306,1209147,2405,4713,33217,11142,25920,7167,1780801200,https://www.bilibili.com/video/BV1s47y65E4g,http://i1.hdslb.com/bfs/archive/e403ab5119fb220e6ae7654b859643b16dec3709.jpg
2026-06-08,2026-06-08 12:09:22,94,BV1aM7k6UELy,116697314890238,JO等了！介绍一下我的六个替身,曦曦鱼SAKANA,日常,生活,21,57,2114404,388,2168,132392,2866,11766,3808,1780660000,https://www.bilibili.com/video/BV1aM7k6UELy,http://i1.hdslb.com/bfs/archive/885aa33388ed27e0d72abdd95cd0e74a19046a67.jpg
2026-06-08,2026-06-08 12:09:22,95,BV1HL7m6JECt,116700670395936,霸总腌入味，王鹤棣太让人笑幻了……【不舒服学】逐帧分析,一只吐槽圆,娱乐杂谈,娱乐杂谈,241,1774,1397504,19672,4414,62556,24429,11101,11863,1780711190,https://www.bilibili.com/video/BV1HL7m6JECt,http://i0.hdslb.com/bfs/archive/cfe030cb9db76b0cad1dc763db5d7299bfd51ab9.jpg
2026-06-08,2026-06-08 12:09:22,96,BV1DB7f6AEBK,116690989942959,最 不 物 质 之 人,张八筒筒,日常,生活,21,127,2714516,944,964,171568,1625,9063,891,1780563943,https://www.bilibili.com/video/BV1DB7f6AEBK,http://i1.hdslb.com/bfs/archive/612e05a8e02454bd4e3723991d4808f061b1c188.jpg
2026-06-08,2026-06-08 12:09:22,97,BV1jeEc6yE75,116691593992011,《你说谁错谁就错，因为你开迈巴赫》,嘞是唐孃孃,搞笑,娱乐,138,34,3219333,180,2002,242060,3493,16335,1318,1780572588,https://www.bilibili.com/video/BV1jeEc6yE75,http://i0.hdslb.com/bfs/archive/cc74080d84744d7622f9f9dd492a1583e00aaed7.jpg
2026-06-08,2026-06-08 12:09:22,98,BV1di7Q6nEu4,116701777627095,兄弟们！今天带良子水上训练，你们觉得良子能坚持多久？,健身华哥,运动综合,运动,238,217,1504316,859,8438,77287,1920,3084,3076,1780728153,https://www.bilibili.com/video/BV1di7Q6nEu4,http://i1.hdslb.com/bfs/archive/48f8a7c3b0af6baea81d423375f3ea0e18e4a44d.jpg
2026-06-08,2026-06-08 12:09:22,99,BV1D97y6dERH,116697919004560,拿人罐罐，替人消灾,布丁仔和泡芙妹的一天,喵星人,喵星人,218,23,2524965,478,2967,141741,443,5706,772,1780669119,https://www.bilibili.com/video/BV1D97y6dERH,http://i2.hdslb.com/bfs/archive/fc9d115669e9ba8a3d141ba74d6e7da1e5f327c9.jpg
2026-06-08,2026-06-08 12:09:22,100,BV1usEw6zEzz,116691040210285,吉时已到｜谁不想急头白脸地和朋友们一起搓一个群像电影啊！,爱黏人的圆子哔___,日常,生活,21,23783,361006,29670,3324,41192,42091,16852,2588,1780657200,https://www.bilibili.com/video/BV1usEw6zEzz,http://i2.hdslb.com/bfs/archive/4179c4c6089c95549d97a8322fe540958201cde3.jpg
